inputName,Sloc,DecisionPoint,GlobalVariables,If,Loop,Goto,Assignment,ExitPoint,Function,FunctionCall,PointerDereferencing,CyclomaticComplexity
values_242," 22
"," 3
"," 1
"," 3
"," 2
"," 0
"," 9
"," 2
"," 2
"," 1
"," 0
"," 5
"
values_505," 22
"," 3
"," 1
"," 3
"," 2
"," 0
"," 9
"," 2
"," 2
"," 1
"," 0
"," 5
"
values_924," 22
"," 3
"," 1
"," 3
"," 2
"," 0
"," 9
"," 2
"," 2
"," 1
"," 0
"," 5
"
values_862," 22
"," 3
"," 1
"," 3
"," 2
"," 0
"," 9
"," 2
"," 2
"," 1
"," 0
"," 5
"
values_287," 22
"," 3
"," 1
"," 3
"," 2
"," 0
"," 9
"," 2
"," 2
"," 1
"," 0
"," 5
"
values_733," 22
"," 3
"," 1
"," 3
"," 2
"," 0
"," 9
"," 2
"," 2
"," 1
"," 0
"," 5
"
values_813," 22
"," 3
"," 1
"," 3
"," 2
"," 0
"," 9
"," 2
"," 2
"," 1
"," 0
"," 5
"
values_11," 22
"," 3
"," 1
"," 3
"," 2
"," 0
"," 9
"," 2
"," 2
"," 1
"," 0
"," 5
"
values_19," 22
"," 3
"," 1
"," 3
"," 2
"," 0
"," 9
"," 2
"," 2
"," 1
"," 0
"," 5
"
values_999," 22
"," 3
"," 1
"," 3
"," 2
"," 0
"," 9
"," 2
"," 2
"," 1
"," 0
"," 5
"
values_134," 22
"," 3
"," 1
"," 3
"," 2
"," 0
"," 9
"," 2
"," 2
"," 1
"," 0
"," 5
"
values_609," 22
"," 3
"," 1
"," 3
"," 2
"," 0
"," 9
"," 2
"," 2
"," 1
"," 0
"," 5
"
values_993," 22
"," 3
"," 1
"," 3
"," 2
"," 0
"," 9
"," 2
"," 2
"," 1
"," 0
"," 5
"
values_731," 22
"," 3
"," 1
"," 3
"," 2
"," 0
"," 9
"," 2
"," 2
"," 1
"," 0
"," 5
"
values_127," 22
"," 3
"," 1
"," 3
"," 2
"," 0
"," 9
"," 2
"," 2
"," 1
"," 0
"," 5
"
values_889," 22
"," 3
"," 1
"," 3
"," 2
"," 0
"," 9
"," 2
"," 2
"," 1
"," 0
"," 5
"
values_987," 22
"," 3
"," 1
"," 3
"," 2
"," 0
"," 9
"," 2
"," 2
"," 1
"," 0
"," 5
"
values_780," 22
"," 3
"," 1
"," 3
"," 2
"," 0
"," 9
"," 2
"," 2
"," 1
"," 0
"," 5
"
values_435," 22
"," 3
"," 1
"," 3
"," 2
"," 0
"," 9
"," 2
"," 2
"," 1
"," 0
"," 5
"
values_950," 22
"," 3
"," 1
"," 3
"," 2
"," 0
"," 9
"," 2
"," 2
"," 1
"," 0
"," 5
"
values_976," 22
"," 3
"," 1
"," 3
"," 2
"," 0
"," 9
"," 2
"," 2
"," 1
"," 0
"," 5
"
values_557," 22
"," 3
"," 1
"," 3
"," 2
"," 0
"," 9
"," 2
"," 2
"," 1
"," 0
"," 5
"
values_398," 22
"," 3
"," 1
"," 3
"," 2
"," 0
"," 9
"," 2
"," 2
"," 1
"," 0
"," 5
"
values_892," 22
"," 3
"," 1
"," 3
"," 2
"," 0
"," 9
"," 2
"," 2
"," 1
"," 0
"," 5
"
values_670," 22
"," 3
"," 1
"," 3
"," 2
"," 0
"," 9
"," 2
"," 2
"," 1
"," 0
"," 5
"
values_574," 22
"," 3
"," 1
"," 3
"," 2
"," 0
"," 9
"," 2
"," 2
"," 1
"," 0
"," 5
"
values_163," 22
"," 3
"," 1
"," 3
"," 2
"," 0
"," 9
"," 2
"," 2
"," 1
"," 0
"," 5
"
values_900," 22
"," 3
"," 1
"," 3
"," 2
"," 0
"," 9
"," 2
"," 2
"," 1
"," 0
"," 5
"
values_392," 22
"," 3
"," 1
"," 3
"," 2
"," 0
"," 9
"," 2
"," 2
"," 1
"," 0
"," 5
"
values_447," 22
"," 3
"," 1
"," 3
"," 2
"," 0
"," 9
"," 2
"," 2
"," 1
"," 0
"," 5
"
values_523," 22
"," 3
"," 1
"," 3
"," 2
"," 0
"," 9
"," 2
"," 2
"," 1
"," 0
"," 5
"
values_679," 22
"," 3
"," 1
"," 3
"," 2
"," 0
"," 9
"," 2
"," 2
"," 1
"," 0
"," 5
"
values_419," 22
"," 3
"," 1
"," 3
"," 2
"," 0
"," 9
"," 2
"," 2
"," 1
"," 0
"," 5
"
values_895," 22
"," 3
"," 1
"," 3
"," 2
"," 0
"," 9
"," 2
"," 2
"," 1
"," 0
"," 5
"
values_298," 22
"," 3
"," 1
"," 3
"," 2
"," 0
"," 9
"," 2
"," 2
"," 1
"," 0
"," 5
"
values_155," 22
"," 3
"," 1
"," 3
"," 2
"," 0
"," 9
"," 2
"," 2
"," 1
"," 0
"," 5
"
values_12," 22
"," 3
"," 1
"," 3
"," 2
"," 0
"," 9
"," 2
"," 2
"," 1
"," 0
"," 5
"
values_160," 22
"," 3
"," 1
"," 3
"," 2
"," 0
"," 9
"," 2
"," 2
"," 1
"," 0
"," 5
"
values_626," 22
"," 3
"," 1
"," 3
"," 2
"," 0
"," 9
"," 2
"," 2
"," 1
"," 0
"," 5
"
values_38," 22
"," 3
"," 1
"," 3
"," 2
"," 0
"," 9
"," 2
"," 2
"," 1
"," 0
"," 5
"
values_146," 22
"," 3
"," 1
"," 3
"," 2
"," 0
"," 9
"," 2
"," 2
"," 1
"," 0
"," 5
"
values_81," 22
"," 3
"," 1
"," 3
"," 2
"," 0
"," 9
"," 2
"," 2
"," 1
"," 0
"," 5
"
values_687," 22
"," 3
"," 1
"," 3
"," 2
"," 0
"," 9
"," 2
"," 2
"," 1
"," 0
"," 5
"
values_213," 22
"," 3
"," 1
"," 3
"," 2
"," 0
"," 9
"," 2
"," 2
"," 1
"," 0
"," 5
"
values_212," 22
"," 3
"," 1
"," 3
"," 2
"," 0
"," 9
"," 2
"," 2
"," 1
"," 0
"," 5
"
values_568," 22
"," 3
"," 1
"," 3
"," 2
"," 0
"," 9
"," 2
"," 2
"," 1
"," 0
"," 5
"
values_5," 22
"," 3
"," 1
"," 3
"," 2
"," 0
"," 9
"," 2
"," 2
"," 1
"," 0
"," 5
"
values_40," 22
"," 3
"," 1
"," 3
"," 2
"," 0
"," 9
"," 2
"," 2
"," 1
"," 0
"," 5
"
values_970," 22
"," 3
"," 1
"," 3
"," 2
"," 0
"," 9
"," 2
"," 2
"," 1
"," 0
"," 5
"
values_707," 22
"," 3
"," 1
"," 3
"," 2
"," 0
"," 9
"," 2
"," 2
"," 1
"," 0
"," 5
"
values_406," 22
"," 3
"," 1
"," 3
"," 2
"," 0
"," 9
"," 2
"," 2
"," 1
"," 0
"," 5
"
values_893," 22
"," 3
"," 1
"," 3
"," 2
"," 0
"," 9
"," 2
"," 2
"," 1
"," 0
"," 5
"
values_144," 22
"," 3
"," 1
"," 3
"," 2
"," 0
"," 9
"," 2
"," 2
"," 1
"," 0
"," 5
"
values_979," 22
"," 3
"," 1
"," 3
"," 2
"," 0
"," 9
"," 2
"," 2
"," 1
"," 0
"," 5
"
values_831," 22
"," 3
"," 1
"," 3
"," 2
"," 0
"," 9
"," 2
"," 2
"," 1
"," 0
"," 5
"
values_402," 22
"," 3
"," 1
"," 3
"," 2
"," 0
"," 9
"," 2
"," 2
"," 1
"," 0
"," 5
"
values_404," 22
"," 3
"," 1
"," 3
"," 2
"," 0
"," 9
"," 2
"," 2
"," 1
"," 0
"," 5
"
values_310," 22
"," 3
"," 1
"," 3
"," 2
"," 0
"," 9
"," 2
"," 2
"," 1
"," 0
"," 5
"
values_70," 22
"," 3
"," 1
"," 3
"," 2
"," 0
"," 9
"," 2
"," 2
"," 1
"," 0
"," 5
"
values_268," 22
"," 3
"," 1
"," 3
"," 2
"," 0
"," 9
"," 2
"," 2
"," 1
"," 0
"," 5
"
values_412," 22
"," 3
"," 1
"," 3
"," 2
"," 0
"," 9
"," 2
"," 2
"," 1
"," 0
"," 5
"
values_290," 22
"," 3
"," 1
"," 3
"," 2
"," 0
"," 9
"," 2
"," 2
"," 1
"," 0
"," 5
"
values_916," 22
"," 3
"," 1
"," 3
"," 2
"," 0
"," 9
"," 2
"," 2
"," 1
"," 0
"," 5
"
values_567," 22
"," 3
"," 1
"," 3
"," 2
"," 0
"," 9
"," 2
"," 2
"," 1
"," 0
"," 5
"
values_913," 22
"," 3
"," 1
"," 3
"," 2
"," 0
"," 9
"," 2
"," 2
"," 1
"," 0
"," 5
"
values_232," 22
"," 3
"," 1
"," 3
"," 2
"," 0
"," 9
"," 2
"," 2
"," 1
"," 0
"," 5
"
values_319," 22
"," 3
"," 1
"," 3
"," 2
"," 0
"," 9
"," 2
"," 2
"," 1
"," 0
"," 5
"
values_23," 22
"," 3
"," 1
"," 3
"," 2
"," 0
"," 9
"," 2
"," 2
"," 1
"," 0
"," 5
"
values_899," 22
"," 3
"," 1
"," 3
"," 2
"," 0
"," 9
"," 2
"," 2
"," 1
"," 0
"," 5
"
values_428," 22
"," 3
"," 1
"," 3
"," 2
"," 0
"," 9
"," 2
"," 2
"," 1
"," 0
"," 5
"
values_858," 22
"," 3
"," 1
"," 3
"," 2
"," 0
"," 9
"," 2
"," 2
"," 1
"," 0
"," 5
"
values_546," 22
"," 3
"," 1
"," 3
"," 2
"," 0
"," 9
"," 2
"," 2
"," 1
"," 0
"," 5
"
values_432," 22
"," 3
"," 1
"," 3
"," 2
"," 0
"," 9
"," 2
"," 2
"," 1
"," 0
"," 5
"
values_231," 22
"," 3
"," 1
"," 3
"," 2
"," 0
"," 9
"," 2
"," 2
"," 1
"," 0
"," 5
"
values_388," 22
"," 3
"," 1
"," 3
"," 2
"," 0
"," 9
"," 2
"," 2
"," 1
"," 0
"," 5
"
values_350," 22
"," 3
"," 1
"," 3
"," 2
"," 0
"," 9
"," 2
"," 2
"," 1
"," 0
"," 5
"
values_603," 22
"," 3
"," 1
"," 3
"," 2
"," 0
"," 9
"," 2
"," 2
"," 1
"," 0
"," 5
"
values_364," 22
"," 3
"," 1
"," 3
"," 2
"," 0
"," 9
"," 2
"," 2
"," 1
"," 0
"," 5
"
values_530," 22
"," 3
"," 1
"," 3
"," 2
"," 0
"," 9
"," 2
"," 2
"," 1
"," 0
"," 5
"
values_72," 22
"," 3
"," 1
"," 3
"," 2
"," 0
"," 9
"," 2
"," 2
"," 1
"," 0
"," 5
"
values_536," 22
"," 3
"," 1
"," 3
"," 2
"," 0
"," 9
"," 2
"," 2
"," 1
"," 0
"," 5
"
values_79," 22
"," 3
"," 1
"," 3
"," 2
"," 0
"," 9
"," 2
"," 2
"," 1
"," 0
"," 5
"
values_342," 22
"," 3
"," 1
"," 3
"," 2
"," 0
"," 9
"," 2
"," 2
"," 1
"," 0
"," 5
"
values_803," 22
"," 3
"," 1
"," 3
"," 2
"," 0
"," 9
"," 2
"," 2
"," 1
"," 0
"," 5
"
values_501," 22
"," 3
"," 1
"," 3
"," 2
"," 0
"," 9
"," 2
"," 2
"," 1
"," 0
"," 5
"
values_540," 22
"," 3
"," 1
"," 3
"," 2
"," 0
"," 9
"," 2
"," 2
"," 1
"," 0
"," 5
"
values_955," 22
"," 3
"," 1
"," 3
"," 2
"," 0
"," 9
"," 2
"," 2
"," 1
"," 0
"," 5
"
values_191," 22
"," 3
"," 1
"," 3
"," 2
"," 0
"," 9
"," 2
"," 2
"," 1
"," 0
"," 5
"
values_812," 22
"," 3
"," 1
"," 3
"," 2
"," 0
"," 9
"," 2
"," 2
"," 1
"," 0
"," 5
"
values_545," 22
"," 3
"," 1
"," 3
"," 2
"," 0
"," 9
"," 2
"," 2
"," 1
"," 0
"," 5
"
values_78," 22
"," 3
"," 1
"," 3
"," 2
"," 0
"," 9
"," 2
"," 2
"," 1
"," 0
"," 5
"
values_526," 22
"," 3
"," 1
"," 3
"," 2
"," 0
"," 9
"," 2
"," 2
"," 1
"," 0
"," 5
"
values_695," 22
"," 3
"," 1
"," 3
"," 2
"," 0
"," 9
"," 2
"," 2
"," 1
"," 0
"," 5
"
values_87," 22
"," 3
"," 1
"," 3
"," 2
"," 0
"," 9
"," 2
"," 2
"," 1
"," 0
"," 5
"
values_300," 22
"," 3
"," 1
"," 3
"," 2
"," 0
"," 9
"," 2
"," 2
"," 1
"," 0
"," 5
"
values_964," 22
"," 3
"," 1
"," 3
"," 2
"," 0
"," 9
"," 2
"," 2
"," 1
"," 0
"," 5
"
values_998," 22
"," 3
"," 1
"," 3
"," 2
"," 0
"," 9
"," 2
"," 2
"," 1
"," 0
"," 5
"
values_988," 22
"," 3
"," 1
"," 3
"," 2
"," 0
"," 9
"," 2
"," 2
"," 1
"," 0
"," 5
"
values_6," 22
"," 3
"," 1
"," 3
"," 2
"," 0
"," 9
"," 2
"," 2
"," 1
"," 0
"," 5
"
values_625," 22
"," 3
"," 1
"," 3
"," 2
"," 0
"," 9
"," 2
"," 2
"," 1
"," 0
"," 5
"
values_518," 22
"," 3
"," 1
"," 3
"," 2
"," 0
"," 9
"," 2
"," 2
"," 1
"," 0
"," 5
"
values_122," 22
"," 3
"," 1
"," 3
"," 2
"," 0
"," 9
"," 2
"," 2
"," 1
"," 0
"," 5
"
values_541," 22
"," 3
"," 1
"," 3
"," 2
"," 0
"," 9
"," 2
"," 2
"," 1
"," 0
"," 5
"
values_279," 22
"," 3
"," 1
"," 3
"," 2
"," 0
"," 9
"," 2
"," 2
"," 1
"," 0
"," 5
"
values_256," 22
"," 3
"," 1
"," 3
"," 2
"," 0
"," 9
"," 2
"," 2
"," 1
"," 0
"," 5
"
values_796," 22
"," 3
"," 1
"," 3
"," 2
"," 0
"," 9
"," 2
"," 2
"," 1
"," 0
"," 5
"
values_504," 22
"," 3
"," 1
"," 3
"," 2
"," 0
"," 9
"," 2
"," 2
"," 1
"," 0
"," 5
"
values_752," 22
"," 3
"," 1
"," 3
"," 2
"," 0
"," 9
"," 2
"," 2
"," 1
"," 0
"," 5
"
values_459," 22
"," 3
"," 1
"," 3
"," 2
"," 0
"," 9
"," 2
"," 2
"," 1
"," 0
"," 5
"
values_658," 22
"," 3
"," 1
"," 3
"," 2
"," 0
"," 9
"," 2
"," 2
"," 1
"," 0
"," 5
"
values_408," 22
"," 3
"," 1
"," 3
"," 2
"," 0
"," 9
"," 2
"," 2
"," 1
"," 0
"," 5
"
values_867," 22
"," 3
"," 1
"," 3
"," 2
"," 0
"," 9
"," 2
"," 2
"," 1
"," 0
"," 5
"
values_727," 22
"," 3
"," 1
"," 3
"," 2
"," 0
"," 9
"," 2
"," 2
"," 1
"," 0
"," 5
"
values_177," 22
"," 3
"," 1
"," 3
"," 2
"," 0
"," 9
"," 2
"," 2
"," 1
"," 0
"," 5
"
values_823," 22
"," 3
"," 1
"," 3
"," 2
"," 0
"," 9
"," 2
"," 2
"," 1
"," 0
"," 5
"
values_822," 22
"," 3
"," 1
"," 3
"," 2
"," 0
"," 9
"," 2
"," 2
"," 1
"," 0
"," 5
"
values_218," 22
"," 3
"," 1
"," 3
"," 2
"," 0
"," 9
"," 2
"," 2
"," 1
"," 0
"," 5
"
values_426," 22
"," 3
"," 1
"," 3
"," 2
"," 0
"," 9
"," 2
"," 2
"," 1
"," 0
"," 5
"
values_776," 22
"," 3
"," 1
"," 3
"," 2
"," 0
"," 9
"," 2
"," 2
"," 1
"," 0
"," 5
"
values_143," 22
"," 3
"," 1
"," 3
"," 2
"," 0
"," 9
"," 2
"," 2
"," 1
"," 0
"," 5
"
values_739," 22
"," 3
"," 1
"," 3
"," 2
"," 0
"," 9
"," 2
"," 2
"," 1
"," 0
"," 5
"
values_312," 22
"," 3
"," 1
"," 3
"," 2
"," 0
"," 9
"," 2
"," 2
"," 1
"," 0
"," 5
"
values_174," 22
"," 3
"," 1
"," 3
"," 2
"," 0
"," 9
"," 2
"," 2
"," 1
"," 0
"," 5
"
values_669," 22
"," 3
"," 1
"," 3
"," 2
"," 0
"," 9
"," 2
"," 2
"," 1
"," 0
"," 5
"
values_120," 22
"," 3
"," 1
"," 3
"," 2
"," 0
"," 9
"," 2
"," 2
"," 1
"," 0
"," 5
"
values_974," 22
"," 3
"," 1
"," 3
"," 2
"," 0
"," 9
"," 2
"," 2
"," 1
"," 0
"," 5
"
values_217," 22
"," 3
"," 1
"," 3
"," 2
"," 0
"," 9
"," 2
"," 2
"," 1
"," 0
"," 5
"
values_866," 22
"," 3
"," 1
"," 3
"," 2
"," 0
"," 9
"," 2
"," 2
"," 1
"," 0
"," 5
"
values_192," 22
"," 3
"," 1
"," 3
"," 2
"," 0
"," 9
"," 2
"," 2
"," 1
"," 0
"," 5
"
values_328," 22
"," 3
"," 1
"," 3
"," 2
"," 0
"," 9
"," 2
"," 2
"," 1
"," 0
"," 5
"
values_68," 22
"," 3
"," 1
"," 3
"," 2
"," 0
"," 9
"," 2
"," 2
"," 1
"," 0
"," 5
"
values_387," 22
"," 3
"," 1
"," 3
"," 2
"," 0
"," 9
"," 2
"," 2
"," 1
"," 0
"," 5
"
values_69," 22
"," 3
"," 1
"," 3
"," 2
"," 0
"," 9
"," 2
"," 2
"," 1
"," 0
"," 5
"
values_749," 22
"," 3
"," 1
"," 3
"," 2
"," 0
"," 9
"," 2
"," 2
"," 1
"," 0
"," 5
"
values_135," 22
"," 3
"," 1
"," 3
"," 2
"," 0
"," 9
"," 2
"," 2
"," 1
"," 0
"," 5
"
values_341," 22
"," 3
"," 1
"," 3
"," 2
"," 0
"," 9
"," 2
"," 2
"," 1
"," 0
"," 5
"
values_494," 22
"," 3
"," 1
"," 3
"," 2
"," 0
"," 9
"," 2
"," 2
"," 1
"," 0
"," 5
"
values_1," 22
"," 3
"," 1
"," 3
"," 2
"," 0
"," 9
"," 2
"," 2
"," 1
"," 0
"," 5
"
values_589," 22
"," 3
"," 1
"," 3
"," 2
"," 0
"," 9
"," 2
"," 2
"," 1
"," 0
"," 5
"
values_925," 22
"," 3
"," 1
"," 3
"," 2
"," 0
"," 9
"," 2
"," 2
"," 1
"," 0
"," 5
"
values_524," 22
"," 3
"," 1
"," 3
"," 2
"," 0
"," 9
"," 2
"," 2
"," 1
"," 0
"," 5
"
values_994," 22
"," 3
"," 1
"," 3
"," 2
"," 0
"," 9
"," 2
"," 2
"," 1
"," 0
"," 5
"
values_856," 22
"," 3
"," 1
"," 3
"," 2
"," 0
"," 9
"," 2
"," 2
"," 1
"," 0
"," 5
"
values_156," 22
"," 3
"," 1
"," 3
"," 2
"," 0
"," 9
"," 2
"," 2
"," 1
"," 0
"," 5
"
values_470," 22
"," 3
"," 1
"," 3
"," 2
"," 0
"," 9
"," 2
"," 2
"," 1
"," 0
"," 5
"
values_207," 22
"," 3
"," 1
"," 3
"," 2
"," 0
"," 9
"," 2
"," 2
"," 1
"," 0
"," 5
"
values_655," 22
"," 3
"," 1
"," 3
"," 2
"," 0
"," 9
"," 2
"," 2
"," 1
"," 0
"," 5
"
values_441," 22
"," 3
"," 1
"," 3
"," 2
"," 0
"," 9
"," 2
"," 2
"," 1
"," 0
"," 5
"
values_109," 22
"," 3
"," 1
"," 3
"," 2
"," 0
"," 9
"," 2
"," 2
"," 1
"," 0
"," 5
"
values_45," 22
"," 3
"," 1
"," 3
"," 2
"," 0
"," 9
"," 2
"," 2
"," 1
"," 0
"," 5
"
values_125," 22
"," 3
"," 1
"," 3
"," 2
"," 0
"," 9
"," 2
"," 2
"," 1
"," 0
"," 5
"
values_600," 22
"," 3
"," 1
"," 3
"," 2
"," 0
"," 9
"," 2
"," 2
"," 1
"," 0
"," 5
"
values_708," 22
"," 3
"," 1
"," 3
"," 2
"," 0
"," 9
"," 2
"," 2
"," 1
"," 0
"," 5
"
values_791," 22
"," 3
"," 1
"," 3
"," 2
"," 0
"," 9
"," 2
"," 2
"," 1
"," 0
"," 5
"
values_912," 22
"," 3
"," 1
"," 3
"," 2
"," 0
"," 9
"," 2
"," 2
"," 1
"," 0
"," 5
"
values_533," 22
"," 3
"," 1
"," 3
"," 2
"," 0
"," 9
"," 2
"," 2
"," 1
"," 0
"," 5
"
values_418," 22
"," 3
"," 1
"," 3
"," 2
"," 0
"," 9
"," 2
"," 2
"," 1
"," 0
"," 5
"
values_228," 22
"," 3
"," 1
"," 3
"," 2
"," 0
"," 9
"," 2
"," 2
"," 1
"," 0
"," 5
"
values_585," 22
"," 3
"," 1
"," 3
"," 2
"," 0
"," 9
"," 2
"," 2
"," 1
"," 0
"," 5
"
values_465," 22
"," 3
"," 1
"," 3
"," 2
"," 0
"," 9
"," 2
"," 2
"," 1
"," 0
"," 5
"
values_239," 22
"," 3
"," 1
"," 3
"," 2
"," 0
"," 9
"," 2
"," 2
"," 1
"," 0
"," 5
"
values_842," 22
"," 3
"," 1
"," 3
"," 2
"," 0
"," 9
"," 2
"," 2
"," 1
"," 0
"," 5
"
values_208," 22
"," 3
"," 1
"," 3
"," 2
"," 0
"," 9
"," 2
"," 2
"," 1
"," 0
"," 5
"
values_932," 22
"," 3
"," 1
"," 3
"," 2
"," 0
"," 9
"," 2
"," 2
"," 1
"," 0
"," 5
"
values_957," 22
"," 3
"," 1
"," 3
"," 2
"," 0
"," 9
"," 2
"," 2
"," 1
"," 0
"," 5
"
values_563," 22
"," 3
"," 1
"," 3
"," 2
"," 0
"," 9
"," 2
"," 2
"," 1
"," 0
"," 5
"
values_766," 22
"," 3
"," 1
"," 3
"," 2
"," 0
"," 9
"," 2
"," 2
"," 1
"," 0
"," 5
"
values_476," 22
"," 3
"," 1
"," 3
"," 2
"," 0
"," 9
"," 2
"," 2
"," 1
"," 0
"," 5
"
values_175," 22
"," 3
"," 1
"," 3
"," 2
"," 0
"," 9
"," 2
"," 2
"," 1
"," 0
"," 5
"
values_591," 22
"," 3
"," 1
"," 3
"," 2
"," 0
"," 9
"," 2
"," 2
"," 1
"," 0
"," 5
"
values_997," 22
"," 3
"," 1
"," 3
"," 2
"," 0
"," 9
"," 2
"," 2
"," 1
"," 0
"," 5
"
values_385," 22
"," 3
"," 1
"," 3
"," 2
"," 0
"," 9
"," 2
"," 2
"," 1
"," 0
"," 5
"
values_115," 22
"," 3
"," 1
"," 3
"," 2
"," 0
"," 9
"," 2
"," 2
"," 1
"," 0
"," 5
"
values_653," 22
"," 3
"," 1
"," 3
"," 2
"," 0
"," 9
"," 2
"," 2
"," 1
"," 0
"," 5
"
values_753," 22
"," 3
"," 1
"," 3
"," 2
"," 0
"," 9
"," 2
"," 2
"," 1
"," 0
"," 5
"
values_241," 22
"," 3
"," 1
"," 3
"," 2
"," 0
"," 9
"," 2
"," 2
"," 1
"," 0
"," 5
"
values_197," 22
"," 3
"," 1
"," 3
"," 2
"," 0
"," 9
"," 2
"," 2
"," 1
"," 0
"," 5
"
values_636," 22
"," 3
"," 1
"," 3
"," 2
"," 0
"," 9
"," 2
"," 2
"," 1
"," 0
"," 5
"
values_450," 22
"," 3
"," 1
"," 3
"," 2
"," 0
"," 9
"," 2
"," 2
"," 1
"," 0
"," 5
"
values_106," 22
"," 3
"," 1
"," 3
"," 2
"," 0
"," 9
"," 2
"," 2
"," 1
"," 0
"," 5
"
values_699," 22
"," 3
"," 1
"," 3
"," 2
"," 0
"," 9
"," 2
"," 2
"," 1
"," 0
"," 5
"
values_578," 22
"," 3
"," 1
"," 3
"," 2
"," 0
"," 9
"," 2
"," 2
"," 1
"," 0
"," 5
"
values_644," 22
"," 3
"," 1
"," 3
"," 2
"," 0
"," 9
"," 2
"," 2
"," 1
"," 0
"," 5
"
values_570," 22
"," 3
"," 1
"," 3
"," 2
"," 0
"," 9
"," 2
"," 2
"," 1
"," 0
"," 5
"
values_873," 22
"," 3
"," 1
"," 3
"," 2
"," 0
"," 9
"," 2
"," 2
"," 1
"," 0
"," 5
"
values_33," 22
"," 3
"," 1
"," 3
"," 2
"," 0
"," 9
"," 2
"," 2
"," 1
"," 0
"," 5
"
values_210," 22
"," 3
"," 1
"," 3
"," 2
"," 0
"," 9
"," 2
"," 2
"," 1
"," 0
"," 5
"
values_486," 22
"," 3
"," 1
"," 3
"," 2
"," 0
"," 9
"," 2
"," 2
"," 1
"," 0
"," 5
"
values_252," 22
"," 3
"," 1
"," 3
"," 2
"," 0
"," 9
"," 2
"," 2
"," 1
"," 0
"," 5
"
values_694," 22
"," 3
"," 1
"," 3
"," 2
"," 0
"," 9
"," 2
"," 2
"," 1
"," 0
"," 5
"
values_759," 22
"," 3
"," 1
"," 3
"," 2
"," 0
"," 9
"," 2
"," 2
"," 1
"," 0
"," 5
"
values_245," 22
"," 3
"," 1
"," 3
"," 2
"," 0
"," 9
"," 2
"," 2
"," 1
"," 0
"," 5
"
values_15," 22
"," 3
"," 1
"," 3
"," 2
"," 0
"," 9
"," 2
"," 2
"," 1
"," 0
"," 5
"
values_792," 22
"," 3
"," 1
"," 3
"," 2
"," 0
"," 9
"," 2
"," 2
"," 1
"," 0
"," 5
"
values_248," 22
"," 3
"," 1
"," 3
"," 2
"," 0
"," 9
"," 2
"," 2
"," 1
"," 0
"," 5
"
values_246," 22
"," 3
"," 1
"," 3
"," 2
"," 0
"," 9
"," 2
"," 2
"," 1
"," 0
"," 5
"
values_556," 22
"," 3
"," 1
"," 3
"," 2
"," 0
"," 9
"," 2
"," 2
"," 1
"," 0
"," 5
"
values_513," 22
"," 3
"," 1
"," 3
"," 2
"," 0
"," 9
"," 2
"," 2
"," 1
"," 0
"," 5
"
values_93," 22
"," 3
"," 1
"," 3
"," 2
"," 0
"," 9
"," 2
"," 2
"," 1
"," 0
"," 5
"
values_558," 22
"," 3
"," 1
"," 3
"," 2
"," 0
"," 9
"," 2
"," 2
"," 1
"," 0
"," 5
"
values_991," 22
"," 3
"," 1
"," 3
"," 2
"," 0
"," 9
"," 2
"," 2
"," 1
"," 0
"," 5
"
values_181," 22
"," 3
"," 1
"," 3
"," 2
"," 0
"," 9
"," 2
"," 2
"," 1
"," 0
"," 5
"
values_674," 22
"," 3
"," 1
"," 3
"," 2
"," 0
"," 9
"," 2
"," 2
"," 1
"," 0
"," 5
"
values_652," 22
"," 3
"," 1
"," 3
"," 2
"," 0
"," 9
"," 2
"," 2
"," 1
"," 0
"," 5
"
values_344," 22
"," 3
"," 1
"," 3
"," 2
"," 0
"," 9
"," 2
"," 2
"," 1
"," 0
"," 5
"
values_715," 22
"," 3
"," 1
"," 3
"," 2
"," 0
"," 9
"," 2
"," 2
"," 1
"," 0
"," 5
"
values_528," 22
"," 3
"," 1
"," 3
"," 2
"," 0
"," 9
"," 2
"," 2
"," 1
"," 0
"," 5
"
values_276," 22
"," 3
"," 1
"," 3
"," 2
"," 0
"," 9
"," 2
"," 2
"," 1
"," 0
"," 5
"
values_24," 22
"," 3
"," 1
"," 3
"," 2
"," 0
"," 9
"," 2
"," 2
"," 1
"," 0
"," 5
"
values_296," 22
"," 3
"," 1
"," 3
"," 2
"," 0
"," 9
"," 2
"," 2
"," 1
"," 0
"," 5
"
values_244," 22
"," 3
"," 1
"," 3
"," 2
"," 0
"," 9
"," 2
"," 2
"," 1
"," 0
"," 5
"
values_380," 22
"," 3
"," 1
"," 3
"," 2
"," 0
"," 9
"," 2
"," 2
"," 1
"," 0
"," 5
"
values_25," 22
"," 3
"," 1
"," 3
"," 2
"," 0
"," 9
"," 2
"," 2
"," 1
"," 0
"," 5
"
values_740," 22
"," 3
"," 1
"," 3
"," 2
"," 0
"," 9
"," 2
"," 2
"," 1
"," 0
"," 5
"
values_478," 22
"," 3
"," 1
"," 3
"," 2
"," 0
"," 9
"," 2
"," 2
"," 1
"," 0
"," 5
"
values_379," 22
"," 3
"," 1
"," 3
"," 2
"," 0
"," 9
"," 2
"," 2
"," 1
"," 0
"," 5
"
values_810," 22
"," 3
"," 1
"," 3
"," 2
"," 0
"," 9
"," 2
"," 2
"," 1
"," 0
"," 5
"
values_440," 22
"," 3
"," 1
"," 3
"," 2
"," 0
"," 9
"," 2
"," 2
"," 1
"," 0
"," 5
"
values_543," 22
"," 3
"," 1
"," 3
"," 2
"," 0
"," 9
"," 2
"," 2
"," 1
"," 0
"," 5
"
values_130," 22
"," 3
"," 1
"," 3
"," 2
"," 0
"," 9
"," 2
"," 2
"," 1
"," 0
"," 5
"
values_225," 22
"," 3
"," 1
"," 3
"," 2
"," 0
"," 9
"," 2
"," 2
"," 1
"," 0
"," 5
"
values_285," 22
"," 3
"," 1
"," 3
"," 2
"," 0
"," 9
"," 2
"," 2
"," 1
"," 0
"," 5
"
values_363," 22
"," 3
"," 1
"," 3
"," 2
"," 0
"," 9
"," 2
"," 2
"," 1
"," 0
"," 5
"
values_667," 22
"," 3
"," 1
"," 3
"," 2
"," 0
"," 9
"," 2
"," 2
"," 1
"," 0
"," 5
"
values_26," 22
"," 3
"," 1
"," 3
"," 2
"," 0
"," 9
"," 2
"," 2
"," 1
"," 0
"," 5
"
values_793," 22
"," 3
"," 1
"," 3
"," 2
"," 0
"," 9
"," 2
"," 2
"," 1
"," 0
"," 5
"
values_772," 22
"," 3
"," 1
"," 3
"," 2
"," 0
"," 9
"," 2
"," 2
"," 1
"," 0
"," 5
"
values_931," 22
"," 3
"," 1
"," 3
"," 2
"," 0
"," 9
"," 2
"," 2
"," 1
"," 0
"," 5
"
values_981," 22
"," 3
"," 1
"," 3
"," 2
"," 0
"," 9
"," 2
"," 2
"," 1
"," 0
"," 5
"
values_422," 22
"," 3
"," 1
"," 3
"," 2
"," 0
"," 9
"," 2
"," 2
"," 1
"," 0
"," 5
"
values_920," 22
"," 3
"," 1
"," 3
"," 2
"," 0
"," 9
"," 2
"," 2
"," 1
"," 0
"," 5
"
values_259," 22
"," 3
"," 1
"," 3
"," 2
"," 0
"," 9
"," 2
"," 2
"," 1
"," 0
"," 5
"
values_477," 22
"," 3
"," 1
"," 3
"," 2
"," 0
"," 9
"," 2
"," 2
"," 1
"," 0
"," 5
"
values_738," 22
"," 3
"," 1
"," 3
"," 2
"," 0
"," 9
"," 2
"," 2
"," 1
"," 0
"," 5
"
values_430," 22
"," 3
"," 1
"," 3
"," 2
"," 0
"," 9
"," 2
"," 2
"," 1
"," 0
"," 5
"
values_922," 22
"," 3
"," 1
"," 3
"," 2
"," 0
"," 9
"," 2
"," 2
"," 1
"," 0
"," 5
"
values_903," 22
"," 3
"," 1
"," 3
"," 2
"," 0
"," 9
"," 2
"," 2
"," 1
"," 0
"," 5
"
values_761," 22
"," 3
"," 1
"," 3
"," 2
"," 0
"," 9
"," 2
"," 2
"," 1
"," 0
"," 5
"
values_204," 22
"," 3
"," 1
"," 3
"," 2
"," 0
"," 9
"," 2
"," 2
"," 1
"," 0
"," 5
"
values_48," 22
"," 3
"," 1
"," 3
"," 2
"," 0
"," 9
"," 2
"," 2
"," 1
"," 0
"," 5
"
values_71," 22
"," 3
"," 1
"," 3
"," 2
"," 0
"," 9
"," 2
"," 2
"," 1
"," 0
"," 5
"
values_851," 22
"," 3
"," 1
"," 3
"," 2
"," 0
"," 9
"," 2
"," 2
"," 1
"," 0
"," 5
"
values_347," 22
"," 3
"," 1
"," 3
"," 2
"," 0
"," 9
"," 2
"," 2
"," 1
"," 0
"," 5
"
values_725," 22
"," 3
"," 1
"," 3
"," 2
"," 0
"," 9
"," 2
"," 2
"," 1
"," 0
"," 5
"
values_266," 22
"," 3
"," 1
"," 3
"," 2
"," 0
"," 9
"," 2
"," 2
"," 1
"," 0
"," 5
"
values_448," 22
"," 3
"," 1
"," 3
"," 2
"," 0
"," 9
"," 2
"," 2
"," 1
"," 0
"," 5
"
values_934," 22
"," 3
"," 1
"," 3
"," 2
"," 0
"," 9
"," 2
"," 2
"," 1
"," 0
"," 5
"
values_531," 22
"," 3
"," 1
"," 3
"," 2
"," 0
"," 9
"," 2
"," 2
"," 1
"," 0
"," 5
"
values_224," 22
"," 3
"," 1
"," 3
"," 2
"," 0
"," 9
"," 2
"," 2
"," 1
"," 0
"," 5
"
values_686," 22
"," 3
"," 1
"," 3
"," 2
"," 0
"," 9
"," 2
"," 2
"," 1
"," 0
"," 5
"
values_927," 22
"," 3
"," 1
"," 3
"," 2
"," 0
"," 9
"," 2
"," 2
"," 1
"," 0
"," 5
"
values_407," 22
"," 3
"," 1
"," 3
"," 2
"," 0
"," 9
"," 2
"," 2
"," 1
"," 0
"," 5
"
values_76," 22
"," 3
"," 1
"," 3
"," 2
"," 0
"," 9
"," 2
"," 2
"," 1
"," 0
"," 5
"
values_949," 22
"," 3
"," 1
"," 3
"," 2
"," 0
"," 9
"," 2
"," 2
"," 1
"," 0
"," 5
"
values_969," 22
"," 3
"," 1
"," 3
"," 2
"," 0
"," 9
"," 2
"," 2
"," 1
"," 0
"," 5
"
values_781," 22
"," 3
"," 1
"," 3
"," 2
"," 0
"," 9
"," 2
"," 2
"," 1
"," 0
"," 5
"
values_7," 22
"," 3
"," 1
"," 3
"," 2
"," 0
"," 9
"," 2
"," 2
"," 1
"," 0
"," 5
"
values_683," 22
"," 3
"," 1
"," 3
"," 2
"," 0
"," 9
"," 2
"," 2
"," 1
"," 0
"," 5
"
values_376," 22
"," 3
"," 1
"," 3
"," 2
"," 0
"," 9
"," 2
"," 2
"," 1
"," 0
"," 5
"
values_877," 22
"," 3
"," 1
"," 3
"," 2
"," 0
"," 9
"," 2
"," 2
"," 1
"," 0
"," 5
"
values_654," 22
"," 3
"," 1
"," 3
"," 2
"," 0
"," 9
"," 2
"," 2
"," 1
"," 0
"," 5
"
values_508," 22
"," 3
"," 1
"," 3
"," 2
"," 0
"," 9
"," 2
"," 2
"," 1
"," 0
"," 5
"
values_332," 22
"," 3
"," 1
"," 3
"," 2
"," 0
"," 9
"," 2
"," 2
"," 1
"," 0
"," 5
"
values_281," 22
"," 3
"," 1
"," 3
"," 2
"," 0
"," 9
"," 2
"," 2
"," 1
"," 0
"," 5
"
values_381," 22
"," 3
"," 1
"," 3
"," 2
"," 0
"," 9
"," 2
"," 2
"," 1
"," 0
"," 5
"
values_769," 22
"," 3
"," 1
"," 3
"," 2
"," 0
"," 9
"," 2
"," 2
"," 1
"," 0
"," 5
"
values_701," 22
"," 3
"," 1
"," 3
"," 2
"," 0
"," 9
"," 2
"," 2
"," 1
"," 0
"," 5
"
values_855," 22
"," 3
"," 1
"," 3
"," 2
"," 0
"," 9
"," 2
"," 2
"," 1
"," 0
"," 5
"
values_320," 22
"," 3
"," 1
"," 3
"," 2
"," 0
"," 9
"," 2
"," 2
"," 1
"," 0
"," 5
"
values_50," 22
"," 3
"," 1
"," 3
"," 2
"," 0
"," 9
"," 2
"," 2
"," 1
"," 0
"," 5
"
values_918," 22
"," 3
"," 1
"," 3
"," 2
"," 0
"," 9
"," 2
"," 2
"," 1
"," 0
"," 5
"
values_615," 22
"," 3
"," 1
"," 3
"," 2
"," 0
"," 9
"," 2
"," 2
"," 1
"," 0
"," 5
"
values_704," 22
"," 3
"," 1
"," 3
"," 2
"," 0
"," 9
"," 2
"," 2
"," 1
"," 0
"," 5
"
values_633," 22
"," 3
"," 1
"," 3
"," 2
"," 0
"," 9
"," 2
"," 2
"," 1
"," 0
"," 5
"
values_847," 22
"," 3
"," 1
"," 3
"," 2
"," 0
"," 9
"," 2
"," 2
"," 1
"," 0
"," 5
"
values_602," 22
"," 3
"," 1
"," 3
"," 2
"," 0
"," 9
"," 2
"," 2
"," 1
"," 0
"," 5
"
values_399," 22
"," 3
"," 1
"," 3
"," 2
"," 0
"," 9
"," 2
"," 2
"," 1
"," 0
"," 5
"
values_22," 22
"," 3
"," 1
"," 3
"," 2
"," 0
"," 9
"," 2
"," 2
"," 1
"," 0
"," 5
"
values_313," 22
"," 3
"," 1
"," 3
"," 2
"," 0
"," 9
"," 2
"," 2
"," 1
"," 0
"," 5
"
values_375," 22
"," 3
"," 1
"," 3
"," 2
"," 0
"," 9
"," 2
"," 2
"," 1
"," 0
"," 5
"
values_963," 22
"," 3
"," 1
"," 3
"," 2
"," 0
"," 9
"," 2
"," 2
"," 1
"," 0
"," 5
"
values_168," 22
"," 3
"," 1
"," 3
"," 2
"," 0
"," 9
"," 2
"," 2
"," 1
"," 0
"," 5
"
values_226," 22
"," 3
"," 1
"," 3
"," 2
"," 0
"," 9
"," 2
"," 2
"," 1
"," 0
"," 5
"
values_190," 22
"," 3
"," 1
"," 3
"," 2
"," 0
"," 9
"," 2
"," 2
"," 1
"," 0
"," 5
"
values_429," 22
"," 3
"," 1
"," 3
"," 2
"," 0
"," 9
"," 2
"," 2
"," 1
"," 0
"," 5
"
values_236," 22
"," 3
"," 1
"," 3
"," 2
"," 0
"," 9
"," 2
"," 2
"," 1
"," 0
"," 5
"
values_777," 22
"," 3
"," 1
"," 3
"," 2
"," 0
"," 9
"," 2
"," 2
"," 1
"," 0
"," 5
"
values_909," 22
"," 3
"," 1
"," 3
"," 2
"," 0
"," 9
"," 2
"," 2
"," 1
"," 0
"," 5
"
values_438," 22
"," 3
"," 1
"," 3
"," 2
"," 0
"," 9
"," 2
"," 2
"," 1
"," 0
"," 5
"
values_607," 22
"," 3
"," 1
"," 3
"," 2
"," 0
"," 9
"," 2
"," 2
"," 1
"," 0
"," 5
"
values_717," 22
"," 3
"," 1
"," 3
"," 2
"," 0
"," 9
"," 2
"," 2
"," 1
"," 0
"," 5
"
values_782," 22
"," 3
"," 1
"," 3
"," 2
"," 0
"," 9
"," 2
"," 2
"," 1
"," 0
"," 5
"
values_258," 22
"," 3
"," 1
"," 3
"," 2
"," 0
"," 9
"," 2
"," 2
"," 1
"," 0
"," 5
"
values_872," 22
"," 3
"," 1
"," 3
"," 2
"," 0
"," 9
"," 2
"," 2
"," 1
"," 0
"," 5
"
values_637," 22
"," 3
"," 1
"," 3
"," 2
"," 0
"," 9
"," 2
"," 2
"," 1
"," 0
"," 5
"
values_746," 22
"," 3
"," 1
"," 3
"," 2
"," 0
"," 9
"," 2
"," 2
"," 1
"," 0
"," 5
"
values_4," 22
"," 3
"," 1
"," 3
"," 2
"," 0
"," 9
"," 2
"," 2
"," 1
"," 0
"," 5
"
values_345," 22
"," 3
"," 1
"," 3
"," 2
"," 0
"," 9
"," 2
"," 2
"," 1
"," 0
"," 5
"
values_102," 22
"," 3
"," 1
"," 3
"," 2
"," 0
"," 9
"," 2
"," 2
"," 1
"," 0
"," 5
"
values_962," 22
"," 3
"," 1
"," 3
"," 2
"," 0
"," 9
"," 2
"," 2
"," 1
"," 0
"," 5
"
values_356," 22
"," 3
"," 1
"," 3
"," 2
"," 0
"," 9
"," 2
"," 2
"," 1
"," 0
"," 5
"
values_853," 22
"," 3
"," 1
"," 3
"," 2
"," 0
"," 9
"," 2
"," 2
"," 1
"," 0
"," 5
"
values_849," 22
"," 3
"," 1
"," 3
"," 2
"," 0
"," 9
"," 2
"," 2
"," 1
"," 0
"," 5
"
values_814," 22
"," 3
"," 1
"," 3
"," 2
"," 0
"," 9
"," 2
"," 2
"," 1
"," 0
"," 5
"
values_370," 22
"," 3
"," 1
"," 3
"," 2
"," 0
"," 9
"," 2
"," 2
"," 1
"," 0
"," 5
"
values_778," 22
"," 3
"," 1
"," 3
"," 2
"," 0
"," 9
"," 2
"," 2
"," 1
"," 0
"," 5
"
values_458," 22
"," 3
"," 1
"," 3
"," 2
"," 0
"," 9
"," 2
"," 2
"," 1
"," 0
"," 5
"
values_818," 22
"," 3
"," 1
"," 3
"," 2
"," 0
"," 9
"," 2
"," 2
"," 1
"," 0
"," 5
"
values_119," 22
"," 3
"," 1
"," 3
"," 2
"," 0
"," 9
"," 2
"," 2
"," 1
"," 0
"," 5
"
values_373," 22
"," 3
"," 1
"," 3
"," 2
"," 0
"," 9
"," 2
"," 2
"," 1
"," 0
"," 5
"
values_351," 22
"," 3
"," 1
"," 3
"," 2
"," 0
"," 9
"," 2
"," 2
"," 1
"," 0
"," 5
"
values_32," 22
"," 3
"," 1
"," 3
"," 2
"," 0
"," 9
"," 2
"," 2
"," 1
"," 0
"," 5
"
values_770," 22
"," 3
"," 1
"," 3
"," 2
"," 0
"," 9
"," 2
"," 2
"," 1
"," 0
"," 5
"
values_371," 22
"," 3
"," 1
"," 3
"," 2
"," 0
"," 9
"," 2
"," 2
"," 1
"," 0
"," 5
"
values_283," 22
"," 3
"," 1
"," 3
"," 2
"," 0
"," 9
"," 2
"," 2
"," 1
"," 0
"," 5
"
values_535," 22
"," 3
"," 1
"," 3
"," 2
"," 0
"," 9
"," 2
"," 2
"," 1
"," 0
"," 5
"
values_250," 22
"," 3
"," 1
"," 3
"," 2
"," 0
"," 9
"," 2
"," 2
"," 1
"," 0
"," 5
"
values_132," 22
"," 3
"," 1
"," 3
"," 2
"," 0
"," 9
"," 2
"," 2
"," 1
"," 0
"," 5
"
values_649," 22
"," 3
"," 1
"," 3
"," 2
"," 0
"," 9
"," 2
"," 2
"," 1
"," 0
"," 5
"
values_77," 22
"," 3
"," 1
"," 3
"," 2
"," 0
"," 9
"," 2
"," 2
"," 1
"," 0
"," 5
"
values_260," 22
"," 3
"," 1
"," 3
"," 2
"," 0
"," 9
"," 2
"," 2
"," 1
"," 0
"," 5
"
values_891," 22
"," 3
"," 1
"," 3
"," 2
"," 0
"," 9
"," 2
"," 2
"," 1
"," 0
"," 5
"
values_91," 22
"," 3
"," 1
"," 3
"," 2
"," 0
"," 9
"," 2
"," 2
"," 1
"," 0
"," 5
"
values_137," 22
"," 3
"," 1
"," 3
"," 2
"," 0
"," 9
"," 2
"," 2
"," 1
"," 0
"," 5
"
values_42," 22
"," 3
"," 1
"," 3
"," 2
"," 0
"," 9
"," 2
"," 2
"," 1
"," 0
"," 5
"
values_13," 22
"," 3
"," 1
"," 3
"," 2
"," 0
"," 9
"," 2
"," 2
"," 1
"," 0
"," 5
"
values_577," 22
"," 3
"," 1
"," 3
"," 2
"," 0
"," 9
"," 2
"," 2
"," 1
"," 0
"," 5
"
values_41," 22
"," 3
"," 1
"," 3
"," 2
"," 0
"," 9
"," 2
"," 2
"," 1
"," 0
"," 5
"
values_809," 22
"," 3
"," 1
"," 3
"," 2
"," 0
"," 9
"," 2
"," 2
"," 1
"," 0
"," 5
"
values_414," 22
"," 3
"," 1
"," 3
"," 2
"," 0
"," 9
"," 2
"," 2
"," 1
"," 0
"," 5
"
values_360," 22
"," 3
"," 1
"," 3
"," 2
"," 0
"," 9
"," 2
"," 2
"," 1
"," 0
"," 5
"
values_386," 22
"," 3
"," 1
"," 3
"," 2
"," 0
"," 9
"," 2
"," 2
"," 1
"," 0
"," 5
"
values_158," 22
"," 3
"," 1
"," 3
"," 2
"," 0
"," 9
"," 2
"," 2
"," 1
"," 0
"," 5
"
values_904," 22
"," 3
"," 1
"," 3
"," 2
"," 0
"," 9
"," 2
"," 2
"," 1
"," 0
"," 5
"
values_480," 22
"," 3
"," 1
"," 3
"," 2
"," 0
"," 9
"," 2
"," 2
"," 1
"," 0
"," 5
"
values_647," 22
"," 3
"," 1
"," 3
"," 2
"," 0
"," 9
"," 2
"," 2
"," 1
"," 0
"," 5
"
values_104," 22
"," 3
"," 1
"," 3
"," 2
"," 0
"," 9
"," 2
"," 2
"," 1
"," 0
"," 5
"
values_55," 22
"," 3
"," 1
"," 3
"," 2
"," 0
"," 9
"," 2
"," 2
"," 1
"," 0
"," 5
"
values_491," 22
"," 3
"," 1
"," 3
"," 2
"," 0
"," 9
"," 2
"," 2
"," 1
"," 0
"," 5
"
values_391," 22
"," 3
"," 1
"," 3
"," 2
"," 0
"," 9
"," 2
"," 2
"," 1
"," 0
"," 5
"
values_972," 22
"," 3
"," 1
"," 3
"," 2
"," 0
"," 9
"," 2
"," 2
"," 1
"," 0
"," 5
"
values_571," 22
"," 3
"," 1
"," 3
"," 2
"," 0
"," 9
"," 2
"," 2
"," 1
"," 0
"," 5
"
values_940," 22
"," 3
"," 1
"," 3
"," 2
"," 0
"," 9
"," 2
"," 2
"," 1
"," 0
"," 5
"
values_861," 22
"," 3
"," 1
"," 3
"," 2
"," 0
"," 9
"," 2
"," 2
"," 1
"," 0
"," 5
"
values_324," 22
"," 3
"," 1
"," 3
"," 2
"," 0
"," 9
"," 2
"," 2
"," 1
"," 0
"," 5
"
values_549," 22
"," 3
"," 1
"," 3
"," 2
"," 0
"," 9
"," 2
"," 2
"," 1
"," 0
"," 5
"
values_170," 22
"," 3
"," 1
"," 3
"," 2
"," 0
"," 9
"," 2
"," 2
"," 1
"," 0
"," 5
"
values_269," 22
"," 3
"," 1
"," 3
"," 2
"," 0
"," 9
"," 2
"," 2
"," 1
"," 0
"," 5
"
values_442," 22
"," 3
"," 1
"," 3
"," 2
"," 0
"," 9
"," 2
"," 2
"," 1
"," 0
"," 5
"
values_520," 22
"," 3
"," 1
"," 3
"," 2
"," 0
"," 9
"," 2
"," 2
"," 1
"," 0
"," 5
"
values_455," 22
"," 3
"," 1
"," 3
"," 2
"," 0
"," 9
"," 2
"," 2
"," 1
"," 0
"," 5
"
values_31," 22
"," 3
"," 1
"," 3
"," 2
"," 0
"," 9
"," 2
"," 2
"," 1
"," 0
"," 5
"
values_971," 22
"," 3
"," 1
"," 3
"," 2
"," 0
"," 9
"," 2
"," 2
"," 1
"," 0
"," 5
"
values_397," 22
"," 3
"," 1
"," 3
"," 2
"," 0
"," 9
"," 2
"," 2
"," 1
"," 0
"," 5
"
values_254," 22
"," 3
"," 1
"," 3
"," 2
"," 0
"," 9
"," 2
"," 2
"," 1
"," 0
"," 5
"
values_616," 22
"," 3
"," 1
"," 3
"," 2
"," 0
"," 9
"," 2
"," 2
"," 1
"," 0
"," 5
"
values_66," 22
"," 3
"," 1
"," 3
"," 2
"," 0
"," 9
"," 2
"," 2
"," 1
"," 0
"," 5
"
values_943," 22
"," 3
"," 1
"," 3
"," 2
"," 0
"," 9
"," 2
"," 2
"," 1
"," 0
"," 5
"
values_117," 22
"," 3
"," 1
"," 3
"," 2
"," 0
"," 9
"," 2
"," 2
"," 1
"," 0
"," 5
"
values_451," 22
"," 3
"," 1
"," 3
"," 2
"," 0
"," 9
"," 2
"," 2
"," 1
"," 0
"," 5
"
values_643," 22
"," 3
"," 1
"," 3
"," 2
"," 0
"," 9
"," 2
"," 2
"," 1
"," 0
"," 5
"
values_688," 22
"," 3
"," 1
"," 3
"," 2
"," 0
"," 9
"," 2
"," 2
"," 1
"," 0
"," 5
"
values_569," 22
"," 3
"," 1
"," 3
"," 2
"," 0
"," 9
"," 2
"," 2
"," 1
"," 0
"," 5
"
values_745," 22
"," 3
"," 1
"," 3
"," 2
"," 0
"," 9
"," 2
"," 2
"," 1
"," 0
"," 5
"
values_65," 22
"," 3
"," 1
"," 3
"," 2
"," 0
"," 9
"," 2
"," 2
"," 1
"," 0
"," 5
"
values_980," 22
"," 3
"," 1
"," 3
"," 2
"," 0
"," 9
"," 2
"," 2
"," 1
"," 0
"," 5
"
values_982," 22
"," 3
"," 1
"," 3
"," 2
"," 0
"," 9
"," 2
"," 2
"," 1
"," 0
"," 5
"
values_62," 22
"," 3
"," 1
"," 3
"," 2
"," 0
"," 9
"," 2
"," 2
"," 1
"," 0
"," 5
"
values_789," 22
"," 3
"," 1
"," 3
"," 2
"," 0
"," 9
"," 2
"," 2
"," 1
"," 0
"," 5
"
values_401," 22
"," 3
"," 1
"," 3
"," 2
"," 0
"," 9
"," 2
"," 2
"," 1
"," 0
"," 5
"
values_21," 22
"," 3
"," 1
"," 3
"," 2
"," 0
"," 9
"," 2
"," 2
"," 1
"," 0
"," 5
"
values_598," 22
"," 3
"," 1
"," 3
"," 2
"," 0
"," 9
"," 2
"," 2
"," 1
"," 0
"," 5
"
values_273," 22
"," 3
"," 1
"," 3
"," 2
"," 0
"," 9
"," 2
"," 2
"," 1
"," 0
"," 5
"
values_534," 22
"," 3
"," 1
"," 3
"," 2
"," 0
"," 9
"," 2
"," 2
"," 1
"," 0
"," 5
"
values_118," 22
"," 3
"," 1
"," 3
"," 2
"," 0
"," 9
"," 2
"," 2
"," 1
"," 0
"," 5
"
values_141," 22
"," 3
"," 1
"," 3
"," 2
"," 0
"," 9
"," 2
"," 2
"," 1
"," 0
"," 5
"
values_366," 22
"," 3
"," 1
"," 3
"," 2
"," 0
"," 9
"," 2
"," 2
"," 1
"," 0
"," 5
"
values_222," 22
"," 3
"," 1
"," 3
"," 2
"," 0
"," 9
"," 2
"," 2
"," 1
"," 0
"," 5
"
values_876," 22
"," 3
"," 1
"," 3
"," 2
"," 0
"," 9
"," 2
"," 2
"," 1
"," 0
"," 5
"
values_700," 22
"," 3
"," 1
"," 3
"," 2
"," 0
"," 9
"," 2
"," 2
"," 1
"," 0
"," 5
"
values_95," 22
"," 3
"," 1
"," 3
"," 2
"," 0
"," 9
"," 2
"," 2
"," 1
"," 0
"," 5
"
values_806," 22
"," 3
"," 1
"," 3
"," 2
"," 0
"," 9
"," 2
"," 2
"," 1
"," 0
"," 5
"
values_671," 22
"," 3
"," 1
"," 3
"," 2
"," 0
"," 9
"," 2
"," 2
"," 1
"," 0
"," 5
"
values_816," 22
"," 3
"," 1
"," 3
"," 2
"," 0
"," 9
"," 2
"," 2
"," 1
"," 0
"," 5
"
values_630," 22
"," 3
"," 1
"," 3
"," 2
"," 0
"," 9
"," 2
"," 2
"," 1
"," 0
"," 5
"
values_433," 22
"," 3
"," 1
"," 3
"," 2
"," 0
"," 9
"," 2
"," 2
"," 1
"," 0
"," 5
"
values_905," 22
"," 3
"," 1
"," 3
"," 2
"," 0
"," 9
"," 2
"," 2
"," 1
"," 0
"," 5
"
values_84," 22
"," 3
"," 1
"," 3
"," 2
"," 0
"," 9
"," 2
"," 2
"," 1
"," 0
"," 5
"
values_233," 22
"," 3
"," 1
"," 3
"," 2
"," 0
"," 9
"," 2
"," 2
"," 1
"," 0
"," 5
"
values_664," 22
"," 3
"," 1
"," 3
"," 2
"," 0
"," 9
"," 2
"," 2
"," 1
"," 0
"," 5
"
values_162," 22
"," 3
"," 1
"," 3
"," 2
"," 0
"," 9
"," 2
"," 2
"," 1
"," 0
"," 5
"
values_681," 22
"," 3
"," 1
"," 3
"," 2
"," 0
"," 9
"," 2
"," 2
"," 1
"," 0
"," 5
"
values_542," 22
"," 3
"," 1
"," 3
"," 2
"," 0
"," 9
"," 2
"," 2
"," 1
"," 0
"," 5
"
values_169," 22
"," 3
"," 1
"," 3
"," 2
"," 0
"," 9
"," 2
"," 2
"," 1
"," 0
"," 5
"
values_660," 22
"," 3
"," 1
"," 3
"," 2
"," 0
"," 9
"," 2
"," 2
"," 1
"," 0
"," 5
"
values_488," 22
"," 3
"," 1
"," 3
"," 2
"," 0
"," 9
"," 2
"," 2
"," 1
"," 0
"," 5
"
values_894," 22
"," 3
"," 1
"," 3
"," 2
"," 0
"," 9
"," 2
"," 2
"," 1
"," 0
"," 5
"
values_828," 22
"," 3
"," 1
"," 3
"," 2
"," 0
"," 9
"," 2
"," 2
"," 1
"," 0
"," 5
"
values_537," 22
"," 3
"," 1
"," 3
"," 2
"," 0
"," 9
"," 2
"," 2
"," 1
"," 0
"," 5
"
values_845," 22
"," 3
"," 1
"," 3
"," 2
"," 0
"," 9
"," 2
"," 2
"," 1
"," 0
"," 5
"
values_584," 22
"," 3
"," 1
"," 3
"," 2
"," 0
"," 9
"," 2
"," 2
"," 1
"," 0
"," 5
"
values_457," 22
"," 3
"," 1
"," 3
"," 2
"," 0
"," 9
"," 2
"," 2
"," 1
"," 0
"," 5
"
values_499," 22
"," 3
"," 1
"," 3
"," 2
"," 0
"," 9
"," 2
"," 2
"," 1
"," 0
"," 5
"
values_369," 22
"," 3
"," 1
"," 3
"," 2
"," 0
"," 9
"," 2
"," 2
"," 1
"," 0
"," 5
"
values_58," 22
"," 3
"," 1
"," 3
"," 2
"," 0
"," 9
"," 2
"," 2
"," 1
"," 0
"," 5
"
values_64," 22
"," 3
"," 1
"," 3
"," 2
"," 0
"," 9
"," 2
"," 2
"," 1
"," 0
"," 5
"
values_196," 22
"," 3
"," 1
"," 3
"," 2
"," 0
"," 9
"," 2
"," 2
"," 1
"," 0
"," 5
"
values_462," 22
"," 3
"," 1
"," 3
"," 2
"," 0
"," 9
"," 2
"," 2
"," 1
"," 0
"," 5
"
values_343," 22
"," 3
"," 1
"," 3
"," 2
"," 0
"," 9
"," 2
"," 2
"," 1
"," 0
"," 5
"
values_262," 22
"," 3
"," 1
"," 3
"," 2
"," 0
"," 9
"," 2
"," 2
"," 1
"," 0
"," 5
"
values_966," 22
"," 3
"," 1
"," 3
"," 2
"," 0
"," 9
"," 2
"," 2
"," 1
"," 0
"," 5
"
values_261," 22
"," 3
"," 1
"," 3
"," 2
"," 0
"," 9
"," 2
"," 2
"," 1
"," 0
"," 5
"
values_349," 22
"," 3
"," 1
"," 3
"," 2
"," 0
"," 9
"," 2
"," 2
"," 1
"," 0
"," 5
"
values_263," 22
"," 3
"," 1
"," 3
"," 2
"," 0
"," 9
"," 2
"," 2
"," 1
"," 0
"," 5
"
values_801," 22
"," 3
"," 1
"," 3
"," 2
"," 0
"," 9
"," 2
"," 2
"," 1
"," 0
"," 5
"
values_292," 22
"," 3
"," 1
"," 3
"," 2
"," 0
"," 9
"," 2
"," 2
"," 1
"," 0
"," 5
"
values_786," 22
"," 3
"," 1
"," 3
"," 2
"," 0
"," 9
"," 2
"," 2
"," 1
"," 0
"," 5
"
values_101," 22
"," 3
"," 1
"," 3
"," 2
"," 0
"," 9
"," 2
"," 2
"," 1
"," 0
"," 5
"
values_691," 22
"," 3
"," 1
"," 3
"," 2
"," 0
"," 9
"," 2
"," 2
"," 1
"," 0
"," 5
"
values_926," 22
"," 3
"," 1
"," 3
"," 2
"," 0
"," 9
"," 2
"," 2
"," 1
"," 0
"," 5
"
values_754," 22
"," 3
"," 1
"," 3
"," 2
"," 0
"," 9
"," 2
"," 2
"," 1
"," 0
"," 5
"
values_215," 22
"," 3
"," 1
"," 3
"," 2
"," 0
"," 9
"," 2
"," 2
"," 1
"," 0
"," 5
"
values_977," 22
"," 3
"," 1
"," 3
"," 2
"," 0
"," 9
"," 2
"," 2
"," 1
"," 0
"," 5
"
values_850," 22
"," 3
"," 1
"," 3
"," 2
"," 0
"," 9
"," 2
"," 2
"," 1
"," 0
"," 5
"
values_646," 22
"," 3
"," 1
"," 3
"," 2
"," 0
"," 9
"," 2
"," 2
"," 1
"," 0
"," 5
"
values_628," 22
"," 3
"," 1
"," 3
"," 2
"," 0
"," 9
"," 2
"," 2
"," 1
"," 0
"," 5
"
values_941," 22
"," 3
"," 1
"," 3
"," 2
"," 0
"," 9
"," 2
"," 2
"," 1
"," 0
"," 5
"
values_353," 22
"," 3
"," 1
"," 3
"," 2
"," 0
"," 9
"," 2
"," 2
"," 1
"," 0
"," 5
"
values_690," 22
"," 3
"," 1
"," 3
"," 2
"," 0
"," 9
"," 2
"," 2
"," 1
"," 0
"," 5
"
values_961," 22
"," 3
"," 1
"," 3
"," 2
"," 0
"," 9
"," 2
"," 2
"," 1
"," 0
"," 5
"
values_331," 22
"," 3
"," 1
"," 3
"," 2
"," 0
"," 9
"," 2
"," 2
"," 1
"," 0
"," 5
"
values_377," 22
"," 3
"," 1
"," 3
"," 2
"," 0
"," 9
"," 2
"," 2
"," 1
"," 0
"," 5
"
values_128," 22
"," 3
"," 1
"," 3
"," 2
"," 0
"," 9
"," 2
"," 2
"," 1
"," 0
"," 5
"
values_336," 22
"," 3
"," 1
"," 3
"," 2
"," 0
"," 9
"," 2
"," 2
"," 1
"," 0
"," 5
"
values_632," 22
"," 3
"," 1
"," 3
"," 2
"," 0
"," 9
"," 2
"," 2
"," 1
"," 0
"," 5
"
values_166," 22
"," 3
"," 1
"," 3
"," 2
"," 0
"," 9
"," 2
"," 2
"," 1
"," 0
"," 5
"
values_744," 22
"," 3
"," 1
"," 3
"," 2
"," 0
"," 9
"," 2
"," 2
"," 1
"," 0
"," 5
"
values_837," 22
"," 3
"," 1
"," 3
"," 2
"," 0
"," 9
"," 2
"," 2
"," 1
"," 0
"," 5
"
values_807," 22
"," 3
"," 1
"," 3
"," 2
"," 0
"," 9
"," 2
"," 2
"," 1
"," 0
"," 5
"
values_838," 22
"," 3
"," 1
"," 3
"," 2
"," 0
"," 9
"," 2
"," 2
"," 1
"," 0
"," 5
"
values_723," 22
"," 3
"," 1
"," 3
"," 2
"," 0
"," 9
"," 2
"," 2
"," 1
"," 0
"," 5
"
values_874," 22
"," 3
"," 1
"," 3
"," 2
"," 0
"," 9
"," 2
"," 2
"," 1
"," 0
"," 5
"
values_627," 22
"," 3
"," 1
"," 3
"," 2
"," 0
"," 9
"," 2
"," 2
"," 1
"," 0
"," 5
"
values_555," 22
"," 3
"," 1
"," 3
"," 2
"," 0
"," 9
"," 2
"," 2
"," 1
"," 0
"," 5
"
values_446," 22
"," 3
"," 1
"," 3
"," 2
"," 0
"," 9
"," 2
"," 2
"," 1
"," 0
"," 5
"
values_716," 22
"," 3
"," 1
"," 3
"," 2
"," 0
"," 9
"," 2
"," 2
"," 1
"," 0
"," 5
"
values_240," 22
"," 3
"," 1
"," 3
"," 2
"," 0
"," 9
"," 2
"," 2
"," 1
"," 0
"," 5
"
values_140," 22
"," 3
"," 1
"," 3
"," 2
"," 0
"," 9
"," 2
"," 2
"," 1
"," 0
"," 5
"
values_317," 22
"," 3
"," 1
"," 3
"," 2
"," 0
"," 9
"," 2
"," 2
"," 1
"," 0
"," 5
"
values_83," 22
"," 3
"," 1
"," 3
"," 2
"," 0
"," 9
"," 2
"," 2
"," 1
"," 0
"," 5
"
values_696," 22
"," 3
"," 1
"," 3
"," 2
"," 0
"," 9
"," 2
"," 2
"," 1
"," 0
"," 5
"
values_413," 22
"," 3
"," 1
"," 3
"," 2
"," 0
"," 9
"," 2
"," 2
"," 1
"," 0
"," 5
"
values_94," 22
"," 3
"," 1
"," 3
"," 2
"," 0
"," 9
"," 2
"," 2
"," 1
"," 0
"," 5
"
values_937," 22
"," 3
"," 1
"," 3
"," 2
"," 0
"," 9
"," 2
"," 2
"," 1
"," 0
"," 5
"
values_199," 22
"," 3
"," 1
"," 3
"," 2
"," 0
"," 9
"," 2
"," 2
"," 1
"," 0
"," 5
"
values_596," 22
"," 3
"," 1
"," 3
"," 2
"," 0
"," 9
"," 2
"," 2
"," 1
"," 0
"," 5
"
values_0," 22
"," 3
"," 1
"," 3
"," 2
"," 0
"," 9
"," 2
"," 2
"," 1
"," 0
"," 5
"
values_953," 22
"," 3
"," 1
"," 3
"," 2
"," 0
"," 9
"," 2
"," 2
"," 1
"," 0
"," 5
"
values_906," 22
"," 3
"," 1
"," 3
"," 2
"," 0
"," 9
"," 2
"," 2
"," 1
"," 0
"," 5
"
values_742," 22
"," 3
"," 1
"," 3
"," 2
"," 0
"," 9
"," 2
"," 2
"," 1
"," 0
"," 5
"
values_396," 22
"," 3
"," 1
"," 3
"," 2
"," 0
"," 9
"," 2
"," 2
"," 1
"," 0
"," 5
"
values_159," 22
"," 3
"," 1
"," 3
"," 2
"," 0
"," 9
"," 2
"," 2
"," 1
"," 0
"," 5
"
values_238," 22
"," 3
"," 1
"," 3
"," 2
"," 0
"," 9
"," 2
"," 2
"," 1
"," 0
"," 5
"
values_136," 22
"," 3
"," 1
"," 3
"," 2
"," 0
"," 9
"," 2
"," 2
"," 1
"," 0
"," 5
"
values_915," 22
"," 3
"," 1
"," 3
"," 2
"," 0
"," 9
"," 2
"," 2
"," 1
"," 0
"," 5
"
values_99," 22
"," 3
"," 1
"," 3
"," 2
"," 0
"," 9
"," 2
"," 2
"," 1
"," 0
"," 5
"
values_771," 22
"," 3
"," 1
"," 3
"," 2
"," 0
"," 9
"," 2
"," 2
"," 1
"," 0
"," 5
"
values_96," 22
"," 3
"," 1
"," 3
"," 2
"," 0
"," 9
"," 2
"," 2
"," 1
"," 0
"," 5
"
values_768," 22
"," 3
"," 1
"," 3
"," 2
"," 0
"," 9
"," 2
"," 2
"," 1
"," 0
"," 5
"
values_67," 22
"," 3
"," 1
"," 3
"," 2
"," 0
"," 9
"," 2
"," 2
"," 1
"," 0
"," 5
"
values_565," 22
"," 3
"," 1
"," 3
"," 2
"," 0
"," 9
"," 2
"," 2
"," 1
"," 0
"," 5
"
values_848," 22
"," 3
"," 1
"," 3
"," 2
"," 0
"," 9
"," 2
"," 2
"," 1
"," 0
"," 5
"
values_114," 22
"," 3
"," 1
"," 3
"," 2
"," 0
"," 9
"," 2
"," 2
"," 1
"," 0
"," 5
"
values_61," 22
"," 3
"," 1
"," 3
"," 2
"," 0
"," 9
"," 2
"," 2
"," 1
"," 0
"," 5
"
values_511," 22
"," 3
"," 1
"," 3
"," 2
"," 0
"," 9
"," 2
"," 2
"," 1
"," 0
"," 5
"
values_729," 22
"," 3
"," 1
"," 3
"," 2
"," 0
"," 9
"," 2
"," 2
"," 1
"," 0
"," 5
"
values_460," 22
"," 3
"," 1
"," 3
"," 2
"," 0
"," 9
"," 2
"," 2
"," 1
"," 0
"," 5
"
values_832," 22
"," 3
"," 1
"," 3
"," 2
"," 0
"," 9
"," 2
"," 2
"," 1
"," 0
"," 5
"
values_348," 22
"," 3
"," 1
"," 3
"," 2
"," 0
"," 9
"," 2
"," 2
"," 1
"," 0
"," 5
"
values_182," 22
"," 3
"," 1
"," 3
"," 2
"," 0
"," 9
"," 2
"," 2
"," 1
"," 0
"," 5
"
values_986," 22
"," 3
"," 1
"," 3
"," 2
"," 0
"," 9
"," 2
"," 2
"," 1
"," 0
"," 5
"
values_180," 22
"," 3
"," 1
"," 3
"," 2
"," 0
"," 9
"," 2
"," 2
"," 1
"," 0
"," 5
"
values_930," 22
"," 3
"," 1
"," 3
"," 2
"," 0
"," 9
"," 2
"," 2
"," 1
"," 0
"," 5
"
values_274," 22
"," 3
"," 1
"," 3
"," 2
"," 0
"," 9
"," 2
"," 2
"," 1
"," 0
"," 5
"
values_309," 22
"," 3
"," 1
"," 3
"," 2
"," 0
"," 9
"," 2
"," 2
"," 1
"," 0
"," 5
"
values_496," 22
"," 3
"," 1
"," 3
"," 2
"," 0
"," 9
"," 2
"," 2
"," 1
"," 0
"," 5
"
values_165," 22
"," 3
"," 1
"," 3
"," 2
"," 0
"," 9
"," 2
"," 2
"," 1
"," 0
"," 5
"
values_553," 22
"," 3
"," 1
"," 3
"," 2
"," 0
"," 9
"," 2
"," 2
"," 1
"," 0
"," 5
"
values_870," 22
"," 3
"," 1
"," 3
"," 2
"," 0
"," 9
"," 2
"," 2
"," 1
"," 0
"," 5
"
values_795," 22
"," 3
"," 1
"," 3
"," 2
"," 0
"," 9
"," 2
"," 2
"," 1
"," 0
"," 5
"
values_361," 22
"," 3
"," 1
"," 3
"," 2
"," 0
"," 9
"," 2
"," 2
"," 1
"," 0
"," 5
"
values_302," 22
"," 3
"," 1
"," 3
"," 2
"," 0
"," 9
"," 2
"," 2
"," 1
"," 0
"," 5
"
values_586," 22
"," 3
"," 1
"," 3
"," 2
"," 0
"," 9
"," 2
"," 2
"," 1
"," 0
"," 5
"
values_880," 22
"," 3
"," 1
"," 3
"," 2
"," 0
"," 9
"," 2
"," 2
"," 1
"," 0
"," 5
"
values_665," 22
"," 3
"," 1
"," 3
"," 2
"," 0
"," 9
"," 2
"," 2
"," 1
"," 0
"," 5
"
values_527," 22
"," 3
"," 1
"," 3
"," 2
"," 0
"," 9
"," 2
"," 2
"," 1
"," 0
"," 5
"
values_372," 22
"," 3
"," 1
"," 3
"," 2
"," 0
"," 9
"," 2
"," 2
"," 1
"," 0
"," 5
"
values_382," 22
"," 3
"," 1
"," 3
"," 2
"," 0
"," 9
"," 2
"," 2
"," 1
"," 0
"," 5
"
values_43," 22
"," 3
"," 1
"," 3
"," 2
"," 0
"," 9
"," 2
"," 2
"," 1
"," 0
"," 5
"
values_935," 22
"," 3
"," 1
"," 3
"," 2
"," 0
"," 9
"," 2
"," 2
"," 1
"," 0
"," 5
"
values_2," 22
"," 3
"," 1
"," 3
"," 2
"," 0
"," 9
"," 2
"," 2
"," 1
"," 0
"," 5
"
values_790," 22
"," 3
"," 1
"," 3
"," 2
"," 0
"," 9
"," 2
"," 2
"," 1
"," 0
"," 5
"
values_152," 22
"," 3
"," 1
"," 3
"," 2
"," 0
"," 9
"," 2
"," 2
"," 1
"," 0
"," 5
"
values_871," 22
"," 3
"," 1
"," 3
"," 2
"," 0
"," 9
"," 2
"," 2
"," 1
"," 0
"," 5
"
values_434," 22
"," 3
"," 1
"," 3
"," 2
"," 0
"," 9
"," 2
"," 2
"," 1
"," 0
"," 5
"
values_775," 22
"," 3
"," 1
"," 3
"," 2
"," 0
"," 9
"," 2
"," 2
"," 1
"," 0
"," 5
"
values_500," 22
"," 3
"," 1
"," 3
"," 2
"," 0
"," 9
"," 2
"," 2
"," 1
"," 0
"," 5
"
values_220," 22
"," 3
"," 1
"," 3
"," 2
"," 0
"," 9
"," 2
"," 2
"," 1
"," 0
"," 5
"
values_875," 22
"," 3
"," 1
"," 3
"," 2
"," 0
"," 9
"," 2
"," 2
"," 1
"," 0
"," 5
"
values_249," 22
"," 3
"," 1
"," 3
"," 2
"," 0
"," 9
"," 2
"," 2
"," 1
"," 0
"," 5
"
values_808," 22
"," 3
"," 1
"," 3
"," 2
"," 0
"," 9
"," 2
"," 2
"," 1
"," 0
"," 5
"
values_859," 22
"," 3
"," 1
"," 3
"," 2
"," 0
"," 9
"," 2
"," 2
"," 1
"," 0
"," 5
"
values_539," 22
"," 3
"," 1
"," 3
"," 2
"," 0
"," 9
"," 2
"," 2
"," 1
"," 0
"," 5
"
values_635," 22
"," 3
"," 1
"," 3
"," 2
"," 0
"," 9
"," 2
"," 2
"," 1
"," 0
"," 5
"
values_311," 22
"," 3
"," 1
"," 3
"," 2
"," 0
"," 9
"," 2
"," 2
"," 1
"," 0
"," 5
"
values_183," 22
"," 3
"," 1
"," 3
"," 2
"," 0
"," 9
"," 2
"," 2
"," 1
"," 0
"," 5
"
values_54," 22
"," 3
"," 1
"," 3
"," 2
"," 0
"," 9
"," 2
"," 2
"," 1
"," 0
"," 5
"
values_390," 22
"," 3
"," 1
"," 3
"," 2
"," 0
"," 9
"," 2
"," 2
"," 1
"," 0
"," 5
"
values_890," 22
"," 3
"," 1
"," 3
"," 2
"," 0
"," 9
"," 2
"," 2
"," 1
"," 0
"," 5
"
values_711," 22
"," 3
"," 1
"," 3
"," 2
"," 0
"," 9
"," 2
"," 2
"," 1
"," 0
"," 5
"
values_471," 22
"," 3
"," 1
"," 3
"," 2
"," 0
"," 9
"," 2
"," 2
"," 1
"," 0
"," 5
"
values_995," 22
"," 3
"," 1
"," 3
"," 2
"," 0
"," 9
"," 2
"," 2
"," 1
"," 0
"," 5
"
values_443," 22
"," 3
"," 1
"," 3
"," 2
"," 0
"," 9
"," 2
"," 2
"," 1
"," 0
"," 5
"
values_464," 22
"," 3
"," 1
"," 3
"," 2
"," 0
"," 9
"," 2
"," 2
"," 1
"," 0
"," 5
"
values_774," 22
"," 3
"," 1
"," 3
"," 2
"," 0
"," 9
"," 2
"," 2
"," 1
"," 0
"," 5
"
values_200," 22
"," 3
"," 1
"," 3
"," 2
"," 0
"," 9
"," 2
"," 2
"," 1
"," 0
"," 5
"
values_747," 22
"," 3
"," 1
"," 3
"," 2
"," 0
"," 9
"," 2
"," 2
"," 1
"," 0
"," 5
"
values_758," 22
"," 3
"," 1
"," 3
"," 2
"," 0
"," 9
"," 2
"," 2
"," 1
"," 0
"," 5
"
values_30," 22
"," 3
"," 1
"," 3
"," 2
"," 0
"," 9
"," 2
"," 2
"," 1
"," 0
"," 5
"
values_820," 22
"," 3
"," 1
"," 3
"," 2
"," 0
"," 9
"," 2
"," 2
"," 1
"," 0
"," 5
"
values_393," 22
"," 3
"," 1
"," 3
"," 2
"," 0
"," 9
"," 2
"," 2
"," 1
"," 0
"," 5
"
values_576," 22
"," 3
"," 1
"," 3
"," 2
"," 0
"," 9
"," 2
"," 2
"," 1
"," 0
"," 5
"
values_445," 22
"," 3
"," 1
"," 3
"," 2
"," 0
"," 9
"," 2
"," 2
"," 1
"," 0
"," 5
"
values_662," 22
"," 3
"," 1
"," 3
"," 2
"," 0
"," 9
"," 2
"," 2
"," 1
"," 0
"," 5
"
values_403," 22
"," 3
"," 1
"," 3
"," 2
"," 0
"," 9
"," 2
"," 2
"," 1
"," 0
"," 5
"
values_640," 22
"," 3
"," 1
"," 3
"," 2
"," 0
"," 9
"," 2
"," 2
"," 1
"," 0
"," 5
"
values_59," 22
"," 3
"," 1
"," 3
"," 2
"," 0
"," 9
"," 2
"," 2
"," 1
"," 0
"," 5
"
values_490," 22
"," 3
"," 1
"," 3
"," 2
"," 0
"," 9
"," 2
"," 2
"," 1
"," 0
"," 5
"
values_194," 22
"," 3
"," 1
"," 3
"," 2
"," 0
"," 9
"," 2
"," 2
"," 1
"," 0
"," 5
"
values_751," 22
"," 3
"," 1
"," 3
"," 2
"," 0
"," 9
"," 2
"," 2
"," 1
"," 0
"," 5
"
values_663," 22
"," 3
"," 1
"," 3
"," 2
"," 0
"," 9
"," 2
"," 2
"," 1
"," 0
"," 5
"
values_938," 22
"," 3
"," 1
"," 3
"," 2
"," 0
"," 9
"," 2
"," 2
"," 1
"," 0
"," 5
"
values_532," 22
"," 3
"," 1
"," 3
"," 2
"," 0
"," 9
"," 2
"," 2
"," 1
"," 0
"," 5
"
values_885," 22
"," 3
"," 1
"," 3
"," 2
"," 0
"," 9
"," 2
"," 2
"," 1
"," 0
"," 5
"
values_713," 22
"," 3
"," 1
"," 3
"," 2
"," 0
"," 9
"," 2
"," 2
"," 1
"," 0
"," 5
"
values_193," 22
"," 3
"," 1
"," 3
"," 2
"," 0
"," 9
"," 2
"," 2
"," 1
"," 0
"," 5
"
values_650," 22
"," 3
"," 1
"," 3
"," 2
"," 0
"," 9
"," 2
"," 2
"," 1
"," 0
"," 5
"
values_564," 22
"," 3
"," 1
"," 3
"," 2
"," 0
"," 9
"," 2
"," 2
"," 1
"," 0
"," 5
"
values_267," 22
"," 3
"," 1
"," 3
"," 2
"," 0
"," 9
"," 2
"," 2
"," 1
"," 0
"," 5
"
values_147," 22
"," 3
"," 1
"," 3
"," 2
"," 0
"," 9
"," 2
"," 2
"," 1
"," 0
"," 5
"
values_709," 22
"," 3
"," 1
"," 3
"," 2
"," 0
"," 9
"," 2
"," 2
"," 1
"," 0
"," 5
"
values_857," 22
"," 3
"," 1
"," 3
"," 2
"," 0
"," 9
"," 2
"," 2
"," 1
"," 0
"," 5
"
values_334," 22
"," 3
"," 1
"," 3
"," 2
"," 0
"," 9
"," 2
"," 2
"," 1
"," 0
"," 5
"
values_965," 22
"," 3
"," 1
"," 3
"," 2
"," 0
"," 9
"," 2
"," 2
"," 1
"," 0
"," 5
"
values_824," 22
"," 3
"," 1
"," 3
"," 2
"," 0
"," 9
"," 2
"," 2
"," 1
"," 0
"," 5
"
values_784," 22
"," 3
"," 1
"," 3
"," 2
"," 0
"," 9
"," 2
"," 2
"," 1
"," 0
"," 5
"
values_229," 22
"," 3
"," 1
"," 3
"," 2
"," 0
"," 9
"," 2
"," 2
"," 1
"," 0
"," 5
"
values_538," 22
"," 3
"," 1
"," 3
"," 2
"," 0
"," 9
"," 2
"," 2
"," 1
"," 0
"," 5
"
values_463," 22
"," 3
"," 1
"," 3
"," 2
"," 0
"," 9
"," 2
"," 2
"," 1
"," 0
"," 5
"
values_741," 22
"," 3
"," 1
"," 3
"," 2
"," 0
"," 9
"," 2
"," 2
"," 1
"," 0
"," 5
"
values_85," 22
"," 3
"," 1
"," 3
"," 2
"," 0
"," 9
"," 2
"," 2
"," 1
"," 0
"," 5
"
values_493," 22
"," 3
"," 1
"," 3
"," 2
"," 0
"," 9
"," 2
"," 2
"," 1
"," 0
"," 5
"
values_794," 22
"," 3
"," 1
"," 3
"," 2
"," 0
"," 9
"," 2
"," 2
"," 1
"," 0
"," 5
"
values_202," 22
"," 3
"," 1
"," 3
"," 2
"," 0
"," 9
"," 2
"," 2
"," 1
"," 0
"," 5
"
values_74," 22
"," 3
"," 1
"," 3
"," 2
"," 0
"," 9
"," 2
"," 2
"," 1
"," 0
"," 5
"
values_410," 22
"," 3
"," 1
"," 3
"," 2
"," 0
"," 9
"," 2
"," 2
"," 1
"," 0
"," 5
"
values_469," 22
"," 3
"," 1
"," 3
"," 2
"," 0
"," 9
"," 2
"," 2
"," 1
"," 0
"," 5
"
values_394," 22
"," 3
"," 1
"," 3
"," 2
"," 0
"," 9
"," 2
"," 2
"," 1
"," 0
"," 5
"
values_149," 22
"," 3
"," 1
"," 3
"," 2
"," 0
"," 9
"," 2
"," 2
"," 1
"," 0
"," 5
"
values_945," 22
"," 3
"," 1
"," 3
"," 2
"," 0
"," 9
"," 2
"," 2
"," 1
"," 0
"," 5
"
values_293," 22
"," 3
"," 1
"," 3
"," 2
"," 0
"," 9
"," 2
"," 2
"," 1
"," 0
"," 5
"
values_456," 22
"," 3
"," 1
"," 3
"," 2
"," 0
"," 9
"," 2
"," 2
"," 1
"," 0
"," 5
"
values_975," 22
"," 3
"," 1
"," 3
"," 2
"," 0
"," 9
"," 2
"," 2
"," 1
"," 0
"," 5
"
values_547," 22
"," 3
"," 1
"," 3
"," 2
"," 0
"," 9
"," 2
"," 2
"," 1
"," 0
"," 5
"
values_164," 22
"," 3
"," 1
"," 3
"," 2
"," 0
"," 9
"," 2
"," 2
"," 1
"," 0
"," 5
"
values_720," 22
"," 3
"," 1
"," 3
"," 2
"," 0
"," 9
"," 2
"," 2
"," 1
"," 0
"," 5
"
values_833," 22
"," 3
"," 1
"," 3
"," 2
"," 0
"," 9
"," 2
"," 2
"," 1
"," 0
"," 5
"
values_90," 22
"," 3
"," 1
"," 3
"," 2
"," 0
"," 9
"," 2
"," 2
"," 1
"," 0
"," 5
"
values_954," 22
"," 3
"," 1
"," 3
"," 2
"," 0
"," 9
"," 2
"," 2
"," 1
"," 0
"," 5
"
values_483," 22
"," 3
"," 1
"," 3
"," 2
"," 0
"," 9
"," 2
"," 2
"," 1
"," 0
"," 5
"
values_990," 22
"," 3
"," 1
"," 3
"," 2
"," 0
"," 9
"," 2
"," 2
"," 1
"," 0
"," 5
"
values_113," 22
"," 3
"," 1
"," 3
"," 2
"," 0
"," 9
"," 2
"," 2
"," 1
"," 0
"," 5
"
values_878," 22
"," 3
"," 1
"," 3
"," 2
"," 0
"," 9
"," 2
"," 2
"," 1
"," 0
"," 5
"
values_942," 22
"," 3
"," 1
"," 3
"," 2
"," 0
"," 9
"," 2
"," 2
"," 1
"," 0
"," 5
"
values_126," 22
"," 3
"," 1
"," 3
"," 2
"," 0
"," 9
"," 2
"," 2
"," 1
"," 0
"," 5
"
values_666," 22
"," 3
"," 1
"," 3
"," 2
"," 0
"," 9
"," 2
"," 2
"," 1
"," 0
"," 5
"
values_960," 22
"," 3
"," 1
"," 3
"," 2
"," 0
"," 9
"," 2
"," 2
"," 1
"," 0
"," 5
"
values_783," 22
"," 3
"," 1
"," 3
"," 2
"," 0
"," 9
"," 2
"," 2
"," 1
"," 0
"," 5
"
values_735," 22
"," 3
"," 1
"," 3
"," 2
"," 0
"," 9
"," 2
"," 2
"," 1
"," 0
"," 5
"
values_439," 22
"," 3
"," 1
"," 3
"," 2
"," 0
"," 9
"," 2
"," 2
"," 1
"," 0
"," 5
"
values_860," 22
"," 3
"," 1
"," 3
"," 2
"," 0
"," 9
"," 2
"," 2
"," 1
"," 0
"," 5
"
values_18," 22
"," 3
"," 1
"," 3
"," 2
"," 0
"," 9
"," 2
"," 2
"," 1
"," 0
"," 5
"
values_173," 22
"," 3
"," 1
"," 3
"," 2
"," 0
"," 9
"," 2
"," 2
"," 1
"," 0
"," 5
"
values_454," 22
"," 3
"," 1
"," 3
"," 2
"," 0
"," 9
"," 2
"," 2
"," 1
"," 0
"," 5
"
values_176," 22
"," 3
"," 1
"," 3
"," 2
"," 0
"," 9
"," 2
"," 2
"," 1
"," 0
"," 5
"
values_698," 22
"," 3
"," 1
"," 3
"," 2
"," 0
"," 9
"," 2
"," 2
"," 1
"," 0
"," 5
"
values_869," 22
"," 3
"," 1
"," 3
"," 2
"," 0
"," 9
"," 2
"," 2
"," 1
"," 0
"," 5
"
values_697," 22
"," 3
"," 1
"," 3
"," 2
"," 0
"," 9
"," 2
"," 2
"," 1
"," 0
"," 5
"
values_509," 22
"," 3
"," 1
"," 3
"," 2
"," 0
"," 9
"," 2
"," 2
"," 1
"," 0
"," 5
"
values_189," 22
"," 3
"," 1
"," 3
"," 2
"," 0
"," 9
"," 2
"," 2
"," 1
"," 0
"," 5
"
values_714," 22
"," 3
"," 1
"," 3
"," 2
"," 0
"," 9
"," 2
"," 2
"," 1
"," 0
"," 5
"
values_270," 22
"," 3
"," 1
"," 3
"," 2
"," 0
"," 9
"," 2
"," 2
"," 1
"," 0
"," 5
"
values_863," 22
"," 3
"," 1
"," 3
"," 2
"," 0
"," 9
"," 2
"," 2
"," 1
"," 0
"," 5
"
values_548," 22
"," 3
"," 1
"," 3
"," 2
"," 0
"," 9
"," 2
"," 2
"," 1
"," 0
"," 5
"
values_359," 22
"," 3
"," 1
"," 3
"," 2
"," 0
"," 9
"," 2
"," 2
"," 1
"," 0
"," 5
"
values_512," 22
"," 3
"," 1
"," 3
"," 2
"," 0
"," 9
"," 2
"," 2
"," 1
"," 0
"," 5
"
values_656," 22
"," 3
"," 1
"," 3
"," 2
"," 0
"," 9
"," 2
"," 2
"," 1
"," 0
"," 5
"
values_684," 22
"," 3
"," 1
"," 3
"," 2
"," 0
"," 9
"," 2
"," 2
"," 1
"," 0
"," 5
"
values_171," 22
"," 3
"," 1
"," 3
"," 2
"," 0
"," 9
"," 2
"," 2
"," 1
"," 0
"," 5
"
values_675," 22
"," 3
"," 1
"," 3
"," 2
"," 0
"," 9
"," 2
"," 2
"," 1
"," 0
"," 5
"
values_657," 22
"," 3
"," 1
"," 3
"," 2
"," 0
"," 9
"," 2
"," 2
"," 1
"," 0
"," 5
"
values_333," 22
"," 3
"," 1
"," 3
"," 2
"," 0
"," 9
"," 2
"," 2
"," 1
"," 0
"," 5
"
values_599," 22
"," 3
"," 1
"," 3
"," 2
"," 0
"," 9
"," 2
"," 2
"," 1
"," 0
"," 5
"
values_129," 22
"," 3
"," 1
"," 3
"," 2
"," 0
"," 9
"," 2
"," 2
"," 1
"," 0
"," 5
"
values_886," 22
"," 3
"," 1
"," 3
"," 2
"," 0
"," 9
"," 2
"," 2
"," 1
"," 0
"," 5
"
values_107," 22
"," 3
"," 1
"," 3
"," 2
"," 0
"," 9
"," 2
"," 2
"," 1
"," 0
"," 5
"
values_272," 22
"," 3
"," 1
"," 3
"," 2
"," 0
"," 9
"," 2
"," 2
"," 1
"," 0
"," 5
"
values_52," 22
"," 3
"," 1
"," 3
"," 2
"," 0
"," 9
"," 2
"," 2
"," 1
"," 0
"," 5
"
values_819," 22
"," 3
"," 1
"," 3
"," 2
"," 0
"," 9
"," 2
"," 2
"," 1
"," 0
"," 5
"
values_682," 22
"," 3
"," 1
"," 3
"," 2
"," 0
"," 9
"," 2
"," 2
"," 1
"," 0
"," 5
"
values_44," 22
"," 3
"," 1
"," 3
"," 2
"," 0
"," 9
"," 2
"," 2
"," 1
"," 0
"," 5
"
values_914," 22
"," 3
"," 1
"," 3
"," 2
"," 0
"," 9
"," 2
"," 2
"," 1
"," 0
"," 5
"
values_346," 22
"," 3
"," 1
"," 3
"," 2
"," 0
"," 9
"," 2
"," 2
"," 1
"," 0
"," 5
"
values_151," 22
"," 3
"," 1
"," 3
"," 2
"," 0
"," 9
"," 2
"," 2
"," 1
"," 0
"," 5
"
values_550," 22
"," 3
"," 1
"," 3
"," 2
"," 0
"," 9
"," 2
"," 2
"," 1
"," 0
"," 5
"
values_326," 22
"," 3
"," 1
"," 3
"," 2
"," 0
"," 9
"," 2
"," 2
"," 1
"," 0
"," 5
"
values_836," 22
"," 3
"," 1
"," 3
"," 2
"," 0
"," 9
"," 2
"," 2
"," 1
"," 0
"," 5
"
values_437," 22
"," 3
"," 1
"," 3
"," 2
"," 0
"," 9
"," 2
"," 2
"," 1
"," 0
"," 5
"
values_984," 22
"," 3
"," 1
"," 3
"," 2
"," 0
"," 9
"," 2
"," 2
"," 1
"," 0
"," 5
"
values_17," 22
"," 3
"," 1
"," 3
"," 2
"," 0
"," 9
"," 2
"," 2
"," 1
"," 0
"," 5
"
values_748," 22
"," 3
"," 1
"," 3
"," 2
"," 0
"," 9
"," 2
"," 2
"," 1
"," 0
"," 5
"
values_581," 22
"," 3
"," 1
"," 3
"," 2
"," 0
"," 9
"," 2
"," 2
"," 1
"," 0
"," 5
"
values_705," 22
"," 3
"," 1
"," 3
"," 2
"," 0
"," 9
"," 2
"," 2
"," 1
"," 0
"," 5
"
values_121," 22
"," 3
"," 1
"," 3
"," 2
"," 0
"," 9
"," 2
"," 2
"," 1
"," 0
"," 5
"
values_219," 22
"," 3
"," 1
"," 3
"," 2
"," 0
"," 9
"," 2
"," 2
"," 1
"," 0
"," 5
"
values_321," 22
"," 3
"," 1
"," 3
"," 2
"," 0
"," 9
"," 2
"," 2
"," 1
"," 0
"," 5
"
values_843," 22
"," 3
"," 1
"," 3
"," 2
"," 0
"," 9
"," 2
"," 2
"," 1
"," 0
"," 5
"
values_606," 22
"," 3
"," 1
"," 3
"," 2
"," 0
"," 9
"," 2
"," 2
"," 1
"," 0
"," 5
"
values_898," 22
"," 3
"," 1
"," 3
"," 2
"," 0
"," 9
"," 2
"," 2
"," 1
"," 0
"," 5
"
values_601," 22
"," 3
"," 1
"," 3
"," 2
"," 0
"," 9
"," 2
"," 2
"," 1
"," 0
"," 5
"
values_36," 22
"," 3
"," 1
"," 3
"," 2
"," 0
"," 9
"," 2
"," 2
"," 1
"," 0
"," 5
"
values_282," 22
"," 3
"," 1
"," 3
"," 2
"," 0
"," 9
"," 2
"," 2
"," 1
"," 0
"," 5
"
values_395," 22
"," 3
"," 1
"," 3
"," 2
"," 0
"," 9
"," 2
"," 2
"," 1
"," 0
"," 5
"
values_449," 22
"," 3
"," 1
"," 3
"," 2
"," 0
"," 9
"," 2
"," 2
"," 1
"," 0
"," 5
"
values_209," 22
"," 3
"," 1
"," 3
"," 2
"," 0
"," 9
"," 2
"," 2
"," 1
"," 0
"," 5
"
values_956," 22
"," 3
"," 1
"," 3
"," 2
"," 0
"," 9
"," 2
"," 2
"," 1
"," 0
"," 5
"
values_579," 22
"," 3
"," 1
"," 3
"," 2
"," 0
"," 9
"," 2
"," 2
"," 1
"," 0
"," 5
"
values_484," 22
"," 3
"," 1
"," 3
"," 2
"," 0
"," 9
"," 2
"," 2
"," 1
"," 0
"," 5
"
values_521," 22
"," 3
"," 1
"," 3
"," 2
"," 0
"," 9
"," 2
"," 2
"," 1
"," 0
"," 5
"
values_617," 22
"," 3
"," 1
"," 3
"," 2
"," 0
"," 9
"," 2
"," 2
"," 1
"," 0
"," 5
"
values_516," 22
"," 3
"," 1
"," 3
"," 2
"," 0
"," 9
"," 2
"," 2
"," 1
"," 0
"," 5
"
values_358," 22
"," 3
"," 1
"," 3
"," 2
"," 0
"," 9
"," 2
"," 2
"," 1
"," 0
"," 5
"
values_335," 22
"," 3
"," 1
"," 3
"," 2
"," 0
"," 9
"," 2
"," 2
"," 1
"," 0
"," 5
"
values_139," 22
"," 3
"," 1
"," 3
"," 2
"," 0
"," 9
"," 2
"," 2
"," 1
"," 0
"," 5
"
values_992," 22
"," 3
"," 1
"," 3
"," 2
"," 0
"," 9
"," 2
"," 2
"," 1
"," 0
"," 5
"
values_211," 22
"," 3
"," 1
"," 3
"," 2
"," 0
"," 9
"," 2
"," 2
"," 1
"," 0
"," 5
"
values_507," 22
"," 3
"," 1
"," 3
"," 2
"," 0
"," 9
"," 2
"," 2
"," 1
"," 0
"," 5
"
values_921," 22
"," 3
"," 1
"," 3
"," 2
"," 0
"," 9
"," 2
"," 2
"," 1
"," 0
"," 5
"
values_138," 22
"," 3
"," 1
"," 3
"," 2
"," 0
"," 9
"," 2
"," 2
"," 1
"," 0
"," 5
"
values_275," 22
"," 3
"," 1
"," 3
"," 2
"," 0
"," 9
"," 2
"," 2
"," 1
"," 0
"," 5
"
values_614," 22
"," 3
"," 1
"," 3
"," 2
"," 0
"," 9
"," 2
"," 2
"," 1
"," 0
"," 5
"
values_49," 22
"," 3
"," 1
"," 3
"," 2
"," 0
"," 9
"," 2
"," 2
"," 1
"," 0
"," 5
"
values_227," 22
"," 3
"," 1
"," 3
"," 2
"," 0
"," 9
"," 2
"," 2
"," 1
"," 0
"," 5
"
values_203," 22
"," 3
"," 1
"," 3
"," 2
"," 0
"," 9
"," 2
"," 2
"," 1
"," 0
"," 5
"
values_172," 22
"," 3
"," 1
"," 3
"," 2
"," 0
"," 9
"," 2
"," 2
"," 1
"," 0
"," 5
"
values_86," 22
"," 3
"," 1
"," 3
"," 2
"," 0
"," 9
"," 2
"," 2
"," 1
"," 0
"," 5
"
values_178," 22
"," 3
"," 1
"," 3
"," 2
"," 0
"," 9
"," 2
"," 2
"," 1
"," 0
"," 5
"
values_978," 22
"," 3
"," 1
"," 3
"," 2
"," 0
"," 9
"," 2
"," 2
"," 1
"," 0
"," 5
"
values_253," 22
"," 3
"," 1
"," 3
"," 2
"," 0
"," 9
"," 2
"," 2
"," 1
"," 0
"," 5
"
values_291," 22
"," 3
"," 1
"," 3
"," 2
"," 0
"," 9
"," 2
"," 2
"," 1
"," 0
"," 5
"
values_911," 22
"," 3
"," 1
"," 3
"," 2
"," 0
"," 9
"," 2
"," 2
"," 1
"," 0
"," 5
"
values_230," 22
"," 3
"," 1
"," 3
"," 2
"," 0
"," 9
"," 2
"," 2
"," 1
"," 0
"," 5
"
values_318," 22
"," 3
"," 1
"," 3
"," 2
"," 0
"," 9
"," 2
"," 2
"," 1
"," 0
"," 5
"
values_798," 22
"," 3
"," 1
"," 3
"," 2
"," 0
"," 9
"," 2
"," 2
"," 1
"," 0
"," 5
"
values_638," 22
"," 3
"," 1
"," 3
"," 2
"," 0
"," 9
"," 2
"," 2
"," 1
"," 0
"," 5
"
values_112," 22
"," 3
"," 1
"," 3
"," 2
"," 0
"," 9
"," 2
"," 2
"," 1
"," 0
"," 5
"
values_201," 22
"," 3
"," 1
"," 3
"," 2
"," 0
"," 9
"," 2
"," 2
"," 1
"," 0
"," 5
"
values_629," 22
"," 3
"," 1
"," 3
"," 2
"," 0
"," 9
"," 2
"," 2
"," 1
"," 0
"," 5
"
values_337," 22
"," 3
"," 1
"," 3
"," 2
"," 0
"," 9
"," 2
"," 2
"," 1
"," 0
"," 5
"
values_37," 22
"," 3
"," 1
"," 3
"," 2
"," 0
"," 9
"," 2
"," 2
"," 1
"," 0
"," 5
"
values_56," 22
"," 3
"," 1
"," 3
"," 2
"," 0
"," 9
"," 2
"," 2
"," 1
"," 0
"," 5
"
values_316," 22
"," 3
"," 1
"," 3
"," 2
"," 0
"," 9
"," 2
"," 2
"," 1
"," 0
"," 5
"
values_829," 22
"," 3
"," 1
"," 3
"," 2
"," 0
"," 9
"," 2
"," 2
"," 1
"," 0
"," 5
"
values_63," 22
"," 3
"," 1
"," 3
"," 2
"," 0
"," 9
"," 2
"," 2
"," 1
"," 0
"," 5
"
values_35," 22
"," 3
"," 1
"," 3
"," 2
"," 0
"," 9
"," 2
"," 2
"," 1
"," 0
"," 5
"
values_519," 22
"," 3
"," 1
"," 3
"," 2
"," 0
"," 9
"," 2
"," 2
"," 1
"," 0
"," 5
"
values_481," 22
"," 3
"," 1
"," 3
"," 2
"," 0
"," 9
"," 2
"," 2
"," 1
"," 0
"," 5
"
values_278," 22
"," 3
"," 1
"," 3
"," 2
"," 0
"," 9
"," 2
"," 2
"," 1
"," 0
"," 5
"
values_186," 22
"," 3
"," 1
"," 3
"," 2
"," 0
"," 9
"," 2
"," 2
"," 1
"," 0
"," 5
"
values_702," 22
"," 3
"," 1
"," 3
"," 2
"," 0
"," 9
"," 2
"," 2
"," 1
"," 0
"," 5
"
values_722," 22
"," 3
"," 1
"," 3
"," 2
"," 0
"," 9
"," 2
"," 2
"," 1
"," 0
"," 5
"
values_97," 22
"," 3
"," 1
"," 3
"," 2
"," 0
"," 9
"," 2
"," 2
"," 1
"," 0
"," 5
"
values_329," 22
"," 3
"," 1
"," 3
"," 2
"," 0
"," 9
"," 2
"," 2
"," 1
"," 0
"," 5
"
values_75," 22
"," 3
"," 1
"," 3
"," 2
"," 0
"," 9
"," 2
"," 2
"," 1
"," 0
"," 5
"
values_560," 22
"," 3
"," 1
"," 3
"," 2
"," 0
"," 9
"," 2
"," 2
"," 1
"," 0
"," 5
"
values_612," 22
"," 3
"," 1
"," 3
"," 2
"," 0
"," 9
"," 2
"," 2
"," 1
"," 0
"," 5
"
values_421," 22
"," 3
"," 1
"," 3
"," 2
"," 0
"," 9
"," 2
"," 2
"," 1
"," 0
"," 5
"
values_639," 22
"," 3
"," 1
"," 3
"," 2
"," 0
"," 9
"," 2
"," 2
"," 1
"," 0
"," 5
"
values_939," 22
"," 3
"," 1
"," 3
"," 2
"," 0
"," 9
"," 2
"," 2
"," 1
"," 0
"," 5
"
values_198," 22
"," 3
"," 1
"," 3
"," 2
"," 0
"," 9
"," 2
"," 2
"," 1
"," 0
"," 5
"
values_840," 22
"," 3
"," 1
"," 3
"," 2
"," 0
"," 9
"," 2
"," 2
"," 1
"," 0
"," 5
"
values_415," 22
"," 3
"," 1
"," 3
"," 2
"," 0
"," 9
"," 2
"," 2
"," 1
"," 0
"," 5
"
values_405," 22
"," 3
"," 1
"," 3
"," 2
"," 0
"," 9
"," 2
"," 2
"," 1
"," 0
"," 5
"
values_100," 22
"," 3
"," 1
"," 3
"," 2
"," 0
"," 9
"," 2
"," 2
"," 1
"," 0
"," 5
"
values_726," 22
"," 3
"," 1
"," 3
"," 2
"," 0
"," 9
"," 2
"," 2
"," 1
"," 0
"," 5
"
values_265," 22
"," 3
"," 1
"," 3
"," 2
"," 0
"," 9
"," 2
"," 2
"," 1
"," 0
"," 5
"
values_743," 22
"," 3
"," 1
"," 3
"," 2
"," 0
"," 9
"," 2
"," 2
"," 1
"," 0
"," 5
"
values_436," 22
"," 3
"," 1
"," 3
"," 2
"," 0
"," 9
"," 2
"," 2
"," 1
"," 0
"," 5
"
values_583," 22
"," 3
"," 1
"," 3
"," 2
"," 0
"," 9
"," 2
"," 2
"," 1
"," 0
"," 5
"
values_525," 22
"," 3
"," 1
"," 3
"," 2
"," 0
"," 9
"," 2
"," 2
"," 1
"," 0
"," 5
"
values_677," 22
"," 3
"," 1
"," 3
"," 2
"," 0
"," 9
"," 2
"," 2
"," 1
"," 0
"," 5
"
values_289," 22
"," 3
"," 1
"," 3
"," 2
"," 0
"," 9
"," 2
"," 2
"," 1
"," 0
"," 5
"
values_255," 22
"," 3
"," 1
"," 3
"," 2
"," 0
"," 9
"," 2
"," 2
"," 1
"," 0
"," 5
"
values_529," 22
"," 3
"," 1
"," 3
"," 2
"," 0
"," 9
"," 2
"," 2
"," 1
"," 0
"," 5
"
values_826," 22
"," 3
"," 1
"," 3
"," 2
"," 0
"," 9
"," 2
"," 2
"," 1
"," 0
"," 5
"
values_362," 22
"," 3
"," 1
"," 3
"," 2
"," 0
"," 9
"," 2
"," 2
"," 1
"," 0
"," 5
"
values_355," 22
"," 3
"," 1
"," 3
"," 2
"," 0
"," 9
"," 2
"," 2
"," 1
"," 0
"," 5
"
values_506," 22
"," 3
"," 1
"," 3
"," 2
"," 0
"," 9
"," 2
"," 2
"," 1
"," 0
"," 5
"
values_315," 22
"," 3
"," 1
"," 3
"," 2
"," 0
"," 9
"," 2
"," 2
"," 1
"," 0
"," 5
"
values_604," 22
"," 3
"," 1
"," 3
"," 2
"," 0
"," 9
"," 2
"," 2
"," 1
"," 0
"," 5
"
values_57," 22
"," 3
"," 1
"," 3
"," 2
"," 0
"," 9
"," 2
"," 2
"," 1
"," 0
"," 5
"
values_133," 22
"," 3
"," 1
"," 3
"," 2
"," 0
"," 9
"," 2
"," 2
"," 1
"," 0
"," 5
"
values_787," 22
"," 3
"," 1
"," 3
"," 2
"," 0
"," 9
"," 2
"," 2
"," 1
"," 0
"," 5
"
values_799," 22
"," 3
"," 1
"," 3
"," 2
"," 0
"," 9
"," 2
"," 2
"," 1
"," 0
"," 5
"
values_765," 22
"," 3
"," 1
"," 3
"," 2
"," 0
"," 9
"," 2
"," 2
"," 1
"," 0
"," 5
"
values_887," 22
"," 3
"," 1
"," 3
"," 2
"," 0
"," 9
"," 2
"," 2
"," 1
"," 0
"," 5
"
values_952," 22
"," 3
"," 1
"," 3
"," 2
"," 0
"," 9
"," 2
"," 2
"," 1
"," 0
"," 5
"
values_631," 22
"," 3
"," 1
"," 3
"," 2
"," 0
"," 9
"," 2
"," 2
"," 1
"," 0
"," 5
"
values_306," 22
"," 3
"," 1
"," 3
"," 2
"," 0
"," 9
"," 2
"," 2
"," 1
"," 0
"," 5
"
values_497," 22
"," 3
"," 1
"," 3
"," 2
"," 0
"," 9
"," 2
"," 2
"," 1
"," 0
"," 5
"
values_821," 22
"," 3
"," 1
"," 3
"," 2
"," 0
"," 9
"," 2
"," 2
"," 1
"," 0
"," 5
"
values_618," 22
"," 3
"," 1
"," 3
"," 2
"," 0
"," 9
"," 2
"," 2
"," 1
"," 0
"," 5
"
values_271," 22
"," 3
"," 1
"," 3
"," 2
"," 0
"," 9
"," 2
"," 2
"," 1
"," 0
"," 5
"
values_645," 22
"," 3
"," 1
"," 3
"," 2
"," 0
"," 9
"," 2
"," 2
"," 1
"," 0
"," 5
"
values_985," 22
"," 3
"," 1
"," 3
"," 2
"," 0
"," 9
"," 2
"," 2
"," 1
"," 0
"," 5
"
values_400," 22
"," 3
"," 1
"," 3
"," 2
"," 0
"," 9
"," 2
"," 2
"," 1
"," 0
"," 5
"
values_562," 22
"," 3
"," 1
"," 3
"," 2
"," 0
"," 9
"," 2
"," 2
"," 1
"," 0
"," 5
"
values_590," 22
"," 3
"," 1
"," 3
"," 2
"," 0
"," 9
"," 2
"," 2
"," 1
"," 0
"," 5
"
values_648," 22
"," 3
"," 1
"," 3
"," 2
"," 0
"," 9
"," 2
"," 2
"," 1
"," 0
"," 5
"
values_325," 22
"," 3
"," 1
"," 3
"," 2
"," 0
"," 9
"," 2
"," 2
"," 1
"," 0
"," 5
"
values_883," 22
"," 3
"," 1
"," 3
"," 2
"," 0
"," 9
"," 2
"," 2
"," 1
"," 0
"," 5
"
values_827," 22
"," 3
"," 1
"," 3
"," 2
"," 0
"," 9
"," 2
"," 2
"," 1
"," 0
"," 5
"
values_854," 22
"," 3
"," 1
"," 3
"," 2
"," 0
"," 9
"," 2
"," 2
"," 1
"," 0
"," 5
"
values_307," 22
"," 3
"," 1
"," 3
"," 2
"," 0
"," 9
"," 2
"," 2
"," 1
"," 0
"," 5
"
values_88," 22
"," 3
"," 1
"," 3
"," 2
"," 0
"," 9
"," 2
"," 2
"," 1
"," 0
"," 5
"
values_958," 22
"," 3
"," 1
"," 3
"," 2
"," 0
"," 9
"," 2
"," 2
"," 1
"," 0
"," 5
"
values_251," 22
"," 3
"," 1
"," 3
"," 2
"," 0
"," 9
"," 2
"," 2
"," 1
"," 0
"," 5
"
values_902," 22
"," 3
"," 1
"," 3
"," 2
"," 0
"," 9
"," 2
"," 2
"," 1
"," 0
"," 5
"
values_680," 22
"," 3
"," 1
"," 3
"," 2
"," 0
"," 9
"," 2
"," 2
"," 1
"," 0
"," 5
"
values_884," 22
"," 3
"," 1
"," 3
"," 2
"," 0
"," 9
"," 2
"," 2
"," 1
"," 0
"," 5
"
values_901," 22
"," 3
"," 1
"," 3
"," 2
"," 0
"," 9
"," 2
"," 2
"," 1
"," 0
"," 5
"
values_354," 22
"," 3
"," 1
"," 3
"," 2
"," 0
"," 9
"," 2
"," 2
"," 1
"," 0
"," 5
"
values_420," 22
"," 3
"," 1
"," 3
"," 2
"," 0
"," 9
"," 2
"," 2
"," 1
"," 0
"," 5
"
values_103," 22
"," 3
"," 1
"," 3
"," 2
"," 0
"," 9
"," 2
"," 2
"," 1
"," 0
"," 5
"
values_10," 22
"," 3
"," 1
"," 3
"," 2
"," 0
"," 9
"," 2
"," 2
"," 1
"," 0
"," 5
"
values_474," 22
"," 3
"," 1
"," 3
"," 2
"," 0
"," 9
"," 2
"," 2
"," 1
"," 0
"," 5
"
values_53," 22
"," 3
"," 1
"," 3
"," 2
"," 0
"," 9
"," 2
"," 2
"," 1
"," 0
"," 5
"
values_8," 22
"," 3
"," 1
"," 3
"," 2
"," 0
"," 9
"," 2
"," 2
"," 1
"," 0
"," 5
"
values_39," 22
"," 3
"," 1
"," 3
"," 2
"," 0
"," 9
"," 2
"," 2
"," 1
"," 0
"," 5
"
values_755," 22
"," 3
"," 1
"," 3
"," 2
"," 0
"," 9
"," 2
"," 2
"," 1
"," 0
"," 5
"
values_124," 22
"," 3
"," 1
"," 3
"," 2
"," 0
"," 9
"," 2
"," 2
"," 1
"," 0
"," 5
"
values_841," 22
"," 3
"," 1
"," 3
"," 2
"," 0
"," 9
"," 2
"," 2
"," 1
"," 0
"," 5
"
values_510," 22
"," 3
"," 1
"," 3
"," 2
"," 0
"," 9
"," 2
"," 2
"," 1
"," 0
"," 5
"
values_989," 22
"," 3
"," 1
"," 3
"," 2
"," 0
"," 9
"," 2
"," 2
"," 1
"," 0
"," 5
"
values_706," 22
"," 3
"," 1
"," 3
"," 2
"," 0
"," 9
"," 2
"," 2
"," 1
"," 0
"," 5
"
values_257," 22
"," 3
"," 1
"," 3
"," 2
"," 0
"," 9
"," 2
"," 2
"," 1
"," 0
"," 5
"
values_811," 22
"," 3
"," 1
"," 3
"," 2
"," 0
"," 9
"," 2
"," 2
"," 1
"," 0
"," 5
"
values_111," 22
"," 3
"," 1
"," 3
"," 2
"," 0
"," 9
"," 2
"," 2
"," 1
"," 0
"," 5
"
values_47," 22
"," 3
"," 1
"," 3
"," 2
"," 0
"," 9
"," 2
"," 2
"," 1
"," 0
"," 5
"
values_928," 22
"," 3
"," 1
"," 3
"," 2
"," 0
"," 9
"," 2
"," 2
"," 1
"," 0
"," 5
"
values_561," 22
"," 3
"," 1
"," 3
"," 2
"," 0
"," 9
"," 2
"," 2
"," 1
"," 0
"," 5
"
values_383," 22
"," 3
"," 1
"," 3
"," 2
"," 0
"," 9
"," 2
"," 2
"," 1
"," 0
"," 5
"
values_498," 22
"," 3
"," 1
"," 3
"," 2
"," 0
"," 9
"," 2
"," 2
"," 1
"," 0
"," 5
"
values_60," 22
"," 3
"," 1
"," 3
"," 2
"," 0
"," 9
"," 2
"," 2
"," 1
"," 0
"," 5
"
values_737," 22
"," 3
"," 1
"," 3
"," 2
"," 0
"," 9
"," 2
"," 2
"," 1
"," 0
"," 5
"
values_624," 22
"," 3
"," 1
"," 3
"," 2
"," 0
"," 9
"," 2
"," 2
"," 1
"," 0
"," 5
"
values_973," 22
"," 3
"," 1
"," 3
"," 2
"," 0
"," 9
"," 2
"," 2
"," 1
"," 0
"," 5
"
values_472," 22
"," 3
"," 1
"," 3
"," 2
"," 0
"," 9
"," 2
"," 2
"," 1
"," 0
"," 5
"
values_280," 22
"," 3
"," 1
"," 3
"," 2
"," 0
"," 9
"," 2
"," 2
"," 1
"," 0
"," 5
"
values_389," 22
"," 3
"," 1
"," 3
"," 2
"," 0
"," 9
"," 2
"," 2
"," 1
"," 0
"," 5
"
values_651," 22
"," 3
"," 1
"," 3
"," 2
"," 0
"," 9
"," 2
"," 2
"," 1
"," 0
"," 5
"
values_642," 22
"," 3
"," 1
"," 3
"," 2
"," 0
"," 9
"," 2
"," 2
"," 1
"," 0
"," 5
"
values_668," 22
"," 3
"," 1
"," 3
"," 2
"," 0
"," 9
"," 2
"," 2
"," 1
"," 0
"," 5
"
values_551," 22
"," 3
"," 1
"," 3
"," 2
"," 0
"," 9
"," 2
"," 2
"," 1
"," 0
"," 5
"
values_750," 22
"," 3
"," 1
"," 3
"," 2
"," 0
"," 9
"," 2
"," 2
"," 1
"," 0
"," 5
"
values_592," 22
"," 3
"," 1
"," 3
"," 2
"," 0
"," 9
"," 2
"," 2
"," 1
"," 0
"," 5
"
values_89," 22
"," 3
"," 1
"," 3
"," 2
"," 0
"," 9
"," 2
"," 2
"," 1
"," 0
"," 5
"
values_411," 22
"," 3
"," 1
"," 3
"," 2
"," 0
"," 9
"," 2
"," 2
"," 1
"," 0
"," 5
"
values_620," 22
"," 3
"," 1
"," 3
"," 2
"," 0
"," 9
"," 2
"," 2
"," 1
"," 0
"," 5
"
values_357," 22
"," 3
"," 1
"," 3
"," 2
"," 0
"," 9
"," 2
"," 2
"," 1
"," 0
"," 5
"
values_247," 22
"," 3
"," 1
"," 3
"," 2
"," 0
"," 9
"," 2
"," 2
"," 1
"," 0
"," 5
"
values_692," 22
"," 3
"," 1
"," 3
"," 2
"," 0
"," 9
"," 2
"," 2
"," 1
"," 0
"," 5
"
values_572," 22
"," 3
"," 1
"," 3
"," 2
"," 0
"," 9
"," 2
"," 2
"," 1
"," 0
"," 5
"
values_757," 22
"," 3
"," 1
"," 3
"," 2
"," 0
"," 9
"," 2
"," 2
"," 1
"," 0
"," 5
"
values_566," 22
"," 3
"," 1
"," 3
"," 2
"," 0
"," 9
"," 2
"," 2
"," 1
"," 0
"," 5
"
values_216," 22
"," 3
"," 1
"," 3
"," 2
"," 0
"," 9
"," 2
"," 2
"," 1
"," 0
"," 5
"
values_951," 22
"," 3
"," 1
"," 3
"," 2
"," 0
"," 9
"," 2
"," 2
"," 1
"," 0
"," 5
"
values_910," 22
"," 3
"," 1
"," 3
"," 2
"," 0
"," 9
"," 2
"," 2
"," 1
"," 0
"," 5
"
values_338," 22
"," 3
"," 1
"," 3
"," 2
"," 0
"," 9
"," 2
"," 2
"," 1
"," 0
"," 5
"
values_461," 22
"," 3
"," 1
"," 3
"," 2
"," 0
"," 9
"," 2
"," 2
"," 1
"," 0
"," 5
"
values_730," 22
"," 3
"," 1
"," 3
"," 2
"," 0
"," 9
"," 2
"," 2
"," 1
"," 0
"," 5
"
values_734," 22
"," 3
"," 1
"," 3
"," 2
"," 0
"," 9
"," 2
"," 2
"," 1
"," 0
"," 5
"
values_51," 22
"," 3
"," 1
"," 3
"," 2
"," 0
"," 9
"," 2
"," 2
"," 1
"," 0
"," 5
"
values_678," 22
"," 3
"," 1
"," 3
"," 2
"," 0
"," 9
"," 2
"," 2
"," 1
"," 0
"," 5
"
values_327," 22
"," 3
"," 1
"," 3
"," 2
"," 0
"," 9
"," 2
"," 2
"," 1
"," 0
"," 5
"
values_473," 22
"," 3
"," 1
"," 3
"," 2
"," 0
"," 9
"," 2
"," 2
"," 1
"," 0
"," 5
"
values_453," 22
"," 3
"," 1
"," 3
"," 2
"," 0
"," 9
"," 2
"," 2
"," 1
"," 0
"," 5
"
values_154," 22
"," 3
"," 1
"," 3
"," 2
"," 0
"," 9
"," 2
"," 2
"," 1
"," 0
"," 5
"
values_452," 22
"," 3
"," 1
"," 3
"," 2
"," 0
"," 9
"," 2
"," 2
"," 1
"," 0
"," 5
"
values_221," 22
"," 3
"," 1
"," 3
"," 2
"," 0
"," 9
"," 2
"," 2
"," 1
"," 0
"," 5
"
values_323," 22
"," 3
"," 1
"," 3
"," 2
"," 0
"," 9
"," 2
"," 2
"," 1
"," 0
"," 5
"
values_844," 22
"," 3
"," 1
"," 3
"," 2
"," 0
"," 9
"," 2
"," 2
"," 1
"," 0
"," 5
"
values_673," 22
"," 3
"," 1
"," 3
"," 2
"," 0
"," 9
"," 2
"," 2
"," 1
"," 0
"," 5
"
values_427," 22
"," 3
"," 1
"," 3
"," 2
"," 0
"," 9
"," 2
"," 2
"," 1
"," 0
"," 5
"
values_933," 22
"," 3
"," 1
"," 3
"," 2
"," 0
"," 9
"," 2
"," 2
"," 1
"," 0
"," 5
"
values_802," 22
"," 3
"," 1
"," 3
"," 2
"," 0
"," 9
"," 2
"," 2
"," 1
"," 0
"," 5
"
values_852," 22
"," 3
"," 1
"," 3
"," 2
"," 0
"," 9
"," 2
"," 2
"," 1
"," 0
"," 5
"
values_487," 22
"," 3
"," 1
"," 3
"," 2
"," 0
"," 9
"," 2
"," 2
"," 1
"," 0
"," 5
"
values_762," 22
"," 3
"," 1
"," 3
"," 2
"," 0
"," 9
"," 2
"," 2
"," 1
"," 0
"," 5
"
values_515," 22
"," 3
"," 1
"," 3
"," 2
"," 0
"," 9
"," 2
"," 2
"," 1
"," 0
"," 5
"
values_479," 22
"," 3
"," 1
"," 3
"," 2
"," 0
"," 9
"," 2
"," 2
"," 1
"," 0
"," 5
"
values_948," 22
"," 3
"," 1
"," 3
"," 2
"," 0
"," 9
"," 2
"," 2
"," 1
"," 0
"," 5
"
values_467," 22
"," 3
"," 1
"," 3
"," 2
"," 0
"," 9
"," 2
"," 2
"," 1
"," 0
"," 5
"
values_14," 22
"," 3
"," 1
"," 3
"," 2
"," 0
"," 9
"," 2
"," 2
"," 1
"," 0
"," 5
"
values_868," 22
"," 3
"," 1
"," 3
"," 2
"," 0
"," 9
"," 2
"," 2
"," 1
"," 0
"," 5
"
values_188," 22
"," 3
"," 1
"," 3
"," 2
"," 0
"," 9
"," 2
"," 2
"," 1
"," 0
"," 5
"
values_489," 22
"," 3
"," 1
"," 3
"," 2
"," 0
"," 9
"," 2
"," 2
"," 1
"," 0
"," 5
"
values_865," 22
"," 3
"," 1
"," 3
"," 2
"," 0
"," 9
"," 2
"," 2
"," 1
"," 0
"," 5
"
values_728," 22
"," 3
"," 1
"," 3
"," 2
"," 0
"," 9
"," 2
"," 2
"," 1
"," 0
"," 5
"
values_996," 22
"," 3
"," 1
"," 3
"," 2
"," 0
"," 9
"," 2
"," 2
"," 1
"," 0
"," 5
"
values_277," 22
"," 3
"," 1
"," 3
"," 2
"," 0
"," 9
"," 2
"," 2
"," 1
"," 0
"," 5
"
values_936," 22
"," 3
"," 1
"," 3
"," 2
"," 0
"," 9
"," 2
"," 2
"," 1
"," 0
"," 5
"
values_554," 22
"," 3
"," 1
"," 3
"," 2
"," 0
"," 9
"," 2
"," 2
"," 1
"," 0
"," 5
"
values_763," 22
"," 3
"," 1
"," 3
"," 2
"," 0
"," 9
"," 2
"," 2
"," 1
"," 0
"," 5
"
values_834," 22
"," 3
"," 1
"," 3
"," 2
"," 0
"," 9
"," 2
"," 2
"," 1
"," 0
"," 5
"
values_613," 22
"," 3
"," 1
"," 3
"," 2
"," 0
"," 9
"," 2
"," 2
"," 1
"," 0
"," 5
"
values_907," 22
"," 3
"," 1
"," 3
"," 2
"," 0
"," 9
"," 2
"," 2
"," 1
"," 0
"," 5
"
values_825," 22
"," 3
"," 1
"," 3
"," 2
"," 0
"," 9
"," 2
"," 2
"," 1
"," 0
"," 5
"
values_308," 22
"," 3
"," 1
"," 3
"," 2
"," 0
"," 9
"," 2
"," 2
"," 1
"," 0
"," 5
"
values_294," 22
"," 3
"," 1
"," 3
"," 2
"," 0
"," 9
"," 2
"," 2
"," 1
"," 0
"," 5
"
values_522," 22
"," 3
"," 1
"," 3
"," 2
"," 0
"," 9
"," 2
"," 2
"," 1
"," 0
"," 5
"
values_322," 22
"," 3
"," 1
"," 3
"," 2
"," 0
"," 9
"," 2
"," 2
"," 1
"," 0
"," 5
"
values_28," 22
"," 3
"," 1
"," 3
"," 2
"," 0
"," 9
"," 2
"," 2
"," 1
"," 0
"," 5
"
values_760," 22
"," 3
"," 1
"," 3
"," 2
"," 0
"," 9
"," 2
"," 2
"," 1
"," 0
"," 5
"
values_559," 22
"," 3
"," 1
"," 3
"," 2
"," 0
"," 9
"," 2
"," 2
"," 1
"," 0
"," 5
"
values_685," 22
"," 3
"," 1
"," 3
"," 2
"," 0
"," 9
"," 2
"," 2
"," 1
"," 0
"," 5
"
values_908," 22
"," 3
"," 1
"," 3
"," 2
"," 0
"," 9
"," 2
"," 2
"," 1
"," 0
"," 5
"
values_919," 22
"," 3
"," 1
"," 3
"," 2
"," 0
"," 9
"," 2
"," 2
"," 1
"," 0
"," 5
"
values_724," 22
"," 3
"," 1
"," 3
"," 2
"," 0
"," 9
"," 2
"," 2
"," 1
"," 0
"," 5
"
values_947," 22
"," 3
"," 1
"," 3
"," 2
"," 0
"," 9
"," 2
"," 2
"," 1
"," 0
"," 5
"
values_214," 22
"," 3
"," 1
"," 3
"," 2
"," 0
"," 9
"," 2
"," 2
"," 1
"," 0
"," 5
"
values_468," 22
"," 3
"," 1
"," 3
"," 2
"," 0
"," 9
"," 2
"," 2
"," 1
"," 0
"," 5
"
values_967," 22
"," 3
"," 1
"," 3
"," 2
"," 0
"," 9
"," 2
"," 2
"," 1
"," 0
"," 5
"
values_234," 22
"," 3
"," 1
"," 3
"," 2
"," 0
"," 9
"," 2
"," 2
"," 1
"," 0
"," 5
"
values_983," 22
"," 3
"," 1
"," 3
"," 2
"," 0
"," 9
"," 2
"," 2
"," 1
"," 0
"," 5
"
values_719," 22
"," 3
"," 1
"," 3
"," 2
"," 0
"," 9
"," 2
"," 2
"," 1
"," 0
"," 5
"
values_110," 22
"," 3
"," 1
"," 3
"," 2
"," 0
"," 9
"," 2
"," 2
"," 1
"," 0
"," 5
"
values_235," 22
"," 3
"," 1
"," 3
"," 2
"," 0
"," 9
"," 2
"," 2
"," 1
"," 0
"," 5
"
values_588," 22
"," 3
"," 1
"," 3
"," 2
"," 0
"," 9
"," 2
"," 2
"," 1
"," 0
"," 5
"
values_185," 22
"," 3
"," 1
"," 3
"," 2
"," 0
"," 9
"," 2
"," 2
"," 1
"," 0
"," 5
"
values_732," 22
"," 3
"," 1
"," 3
"," 2
"," 0
"," 9
"," 2
"," 2
"," 1
"," 0
"," 5
"
values_896," 22
"," 3
"," 1
"," 3
"," 2
"," 0
"," 9
"," 2
"," 2
"," 1
"," 0
"," 5
"
values_888," 22
"," 3
"," 1
"," 3
"," 2
"," 0
"," 9
"," 2
"," 2
"," 1
"," 0
"," 5
"
values_923," 22
"," 3
"," 1
"," 3
"," 2
"," 0
"," 9
"," 2
"," 2
"," 1
"," 0
"," 5
"
values_767," 22
"," 3
"," 1
"," 3
"," 2
"," 0
"," 9
"," 2
"," 2
"," 1
"," 0
"," 5
"
values_179," 22
"," 3
"," 1
"," 3
"," 2
"," 0
"," 9
"," 2
"," 2
"," 1
"," 0
"," 5
"
values_195," 22
"," 3
"," 1
"," 3
"," 2
"," 0
"," 9
"," 2
"," 2
"," 1
"," 0
"," 5
"
values_148," 22
"," 3
"," 1
"," 3
"," 2
"," 0
"," 9
"," 2
"," 2
"," 1
"," 0
"," 5
"
values_917," 22
"," 3
"," 1
"," 3
"," 2
"," 0
"," 9
"," 2
"," 2
"," 1
"," 0
"," 5
"
values_634," 22
"," 3
"," 1
"," 3
"," 2
"," 0
"," 9
"," 2
"," 2
"," 1
"," 0
"," 5
"
values_157," 22
"," 3
"," 1
"," 3
"," 2
"," 0
"," 9
"," 2
"," 2
"," 1
"," 0
"," 5
"
values_314," 22
"," 3
"," 1
"," 3
"," 2
"," 0
"," 9
"," 2
"," 2
"," 1
"," 0
"," 5
"
values_879," 22
"," 3
"," 1
"," 3
"," 2
"," 0
"," 9
"," 2
"," 2
"," 1
"," 0
"," 5
"
values_16," 22
"," 3
"," 1
"," 3
"," 2
"," 0
"," 9
"," 2
"," 2
"," 1
"," 0
"," 5
"
values_839," 22
"," 3
"," 1
"," 3
"," 2
"," 0
"," 9
"," 2
"," 2
"," 1
"," 0
"," 5
"
values_150," 22
"," 3
"," 1
"," 3
"," 2
"," 0
"," 9
"," 2
"," 2
"," 1
"," 0
"," 5
"
values_835," 22
"," 3
"," 1
"," 3
"," 2
"," 0
"," 9
"," 2
"," 2
"," 1
"," 0
"," 5
"
values_161," 22
"," 3
"," 1
"," 3
"," 2
"," 0
"," 9
"," 2
"," 2
"," 1
"," 0
"," 5
"
values_34," 22
"," 3
"," 1
"," 3
"," 2
"," 0
"," 9
"," 2
"," 2
"," 1
"," 0
"," 5
"
values_959," 22
"," 3
"," 1
"," 3
"," 2
"," 0
"," 9
"," 2
"," 2
"," 1
"," 0
"," 5
"
values_264," 22
"," 3
"," 1
"," 3
"," 2
"," 0
"," 9
"," 2
"," 2
"," 1
"," 0
"," 5
"
values_123," 22
"," 3
"," 1
"," 3
"," 2
"," 0
"," 9
"," 2
"," 2
"," 1
"," 0
"," 5
"
values_623," 22
"," 3
"," 1
"," 3
"," 2
"," 0
"," 9
"," 2
"," 2
"," 1
"," 0
"," 5
"
values_187," 22
"," 3
"," 1
"," 3
"," 2
"," 0
"," 9
"," 2
"," 2
"," 1
"," 0
"," 5
"
values_575," 22
"," 3
"," 1
"," 3
"," 2
"," 0
"," 9
"," 2
"," 2
"," 1
"," 0
"," 5
"
values_466," 22
"," 3
"," 1
"," 3
"," 2
"," 0
"," 9
"," 2
"," 2
"," 1
"," 0
"," 5
"
values_621," 22
"," 3
"," 1
"," 3
"," 2
"," 0
"," 9
"," 2
"," 2
"," 1
"," 0
"," 5
"
values_82," 22
"," 3
"," 1
"," 3
"," 2
"," 0
"," 9
"," 2
"," 2
"," 1
"," 0
"," 5
"
values_352," 22
"," 3
"," 1
"," 3
"," 2
"," 0
"," 9
"," 2
"," 2
"," 1
"," 0
"," 5
"
values_779," 22
"," 3
"," 1
"," 3
"," 2
"," 0
"," 9
"," 2
"," 2
"," 1
"," 0
"," 5
"
values_946," 22
"," 3
"," 1
"," 3
"," 2
"," 0
"," 9
"," 2
"," 2
"," 1
"," 0
"," 5
"
values_756," 22
"," 3
"," 1
"," 3
"," 2
"," 0
"," 9
"," 2
"," 2
"," 1
"," 0
"," 5
"
values_502," 22
"," 3
"," 1
"," 3
"," 2
"," 0
"," 9
"," 2
"," 2
"," 1
"," 0
"," 5
"
values_641," 22
"," 3
"," 1
"," 3
"," 2
"," 0
"," 9
"," 2
"," 2
"," 1
"," 0
"," 5
"
values_882," 22
"," 3
"," 1
"," 3
"," 2
"," 0
"," 9
"," 2
"," 2
"," 1
"," 0
"," 5
"
values_46," 22
"," 3
"," 1
"," 3
"," 2
"," 0
"," 9
"," 2
"," 2
"," 1
"," 0
"," 5
"
values_721," 22
"," 3
"," 1
"," 3
"," 2
"," 0
"," 9
"," 2
"," 2
"," 1
"," 0
"," 5
"
values_105," 22
"," 3
"," 1
"," 3
"," 2
"," 0
"," 9
"," 2
"," 2
"," 1
"," 0
"," 5
"
values_284," 22
"," 3
"," 1
"," 3
"," 2
"," 0
"," 9
"," 2
"," 2
"," 1
"," 0
"," 5
"
values_295," 22
"," 3
"," 1
"," 3
"," 2
"," 0
"," 9
"," 2
"," 2
"," 1
"," 0
"," 5
"
values_423," 22
"," 3
"," 1
"," 3
"," 2
"," 0
"," 9
"," 2
"," 2
"," 1
"," 0
"," 5
"
values_544," 22
"," 3
"," 1
"," 3
"," 2
"," 0
"," 9
"," 2
"," 2
"," 1
"," 0
"," 5
"
values_384," 22
"," 3
"," 1
"," 3
"," 2
"," 0
"," 9
"," 2
"," 2
"," 1
"," 0
"," 5
"
values_206," 22
"," 3
"," 1
"," 3
"," 2
"," 0
"," 9
"," 2
"," 2
"," 1
"," 0
"," 5
"
values_817," 22
"," 3
"," 1
"," 3
"," 2
"," 0
"," 9
"," 2
"," 2
"," 1
"," 0
"," 5
"
values_788," 22
"," 3
"," 1
"," 3
"," 2
"," 0
"," 9
"," 2
"," 2
"," 1
"," 0
"," 5
"
values_205," 22
"," 3
"," 1
"," 3
"," 2
"," 0
"," 9
"," 2
"," 2
"," 1
"," 0
"," 5
"
values_243," 22
"," 3
"," 1
"," 3
"," 2
"," 0
"," 9
"," 2
"," 2
"," 1
"," 0
"," 5
"
values_619," 22
"," 3
"," 1
"," 3
"," 2
"," 0
"," 9
"," 2
"," 2
"," 1
"," 0
"," 5
"
values_514," 22
"," 3
"," 1
"," 3
"," 2
"," 0
"," 9
"," 2
"," 2
"," 1
"," 0
"," 5
"
values_703," 22
"," 3
"," 1
"," 3
"," 2
"," 0
"," 9
"," 2
"," 2
"," 1
"," 0
"," 5
"
values_605," 22
"," 3
"," 1
"," 3
"," 2
"," 0
"," 9
"," 2
"," 2
"," 1
"," 0
"," 5
"
values_659," 22
"," 3
"," 1
"," 3
"," 2
"," 0
"," 9
"," 2
"," 2
"," 1
"," 0
"," 5
"
values_929," 22
"," 3
"," 1
"," 3
"," 2
"," 0
"," 9
"," 2
"," 2
"," 1
"," 0
"," 5
"
values_365," 22
"," 3
"," 1
"," 3
"," 2
"," 0
"," 9
"," 2
"," 2
"," 1
"," 0
"," 5
"
values_495," 22
"," 3
"," 1
"," 3
"," 2
"," 0
"," 9
"," 2
"," 2
"," 1
"," 0
"," 5
"
values_431," 22
"," 3
"," 1
"," 3
"," 2
"," 0
"," 9
"," 2
"," 2
"," 1
"," 0
"," 5
"
values_482," 22
"," 3
"," 1
"," 3
"," 2
"," 0
"," 9
"," 2
"," 2
"," 1
"," 0
"," 5
"
values_611," 22
"," 3
"," 1
"," 3
"," 2
"," 0
"," 9
"," 2
"," 2
"," 1
"," 0
"," 5
"
values_846," 22
"," 3
"," 1
"," 3
"," 2
"," 0
"," 9
"," 2
"," 2
"," 1
"," 0
"," 5
"
values_27," 22
"," 3
"," 1
"," 3
"," 2
"," 0
"," 9
"," 2
"," 2
"," 1
"," 0
"," 5
"
values_736," 22
"," 3
"," 1
"," 3
"," 2
"," 0
"," 9
"," 2
"," 2
"," 1
"," 0
"," 5
"
values_815," 22
"," 3
"," 1
"," 3
"," 2
"," 0
"," 9
"," 2
"," 2
"," 1
"," 0
"," 5
"
values_145," 22
"," 3
"," 1
"," 3
"," 2
"," 0
"," 9
"," 2
"," 2
"," 1
"," 0
"," 5
"
values_582," 22
"," 3
"," 1
"," 3
"," 2
"," 0
"," 9
"," 2
"," 2
"," 1
"," 0
"," 5
"
values_492," 22
"," 3
"," 1
"," 3
"," 2
"," 0
"," 9
"," 2
"," 2
"," 1
"," 0
"," 5
"
values_881," 22
"," 3
"," 1
"," 3
"," 2
"," 0
"," 9
"," 2
"," 2
"," 1
"," 0
"," 5
"
values_237," 22
"," 3
"," 1
"," 3
"," 2
"," 0
"," 9
"," 2
"," 2
"," 1
"," 0
"," 5
"
values_409," 22
"," 3
"," 1
"," 3
"," 2
"," 0
"," 9
"," 2
"," 2
"," 1
"," 0
"," 5
"
values_108," 22
"," 3
"," 1
"," 3
"," 2
"," 0
"," 9
"," 2
"," 2
"," 1
"," 0
"," 5
"
values_299," 22
"," 3
"," 1
"," 3
"," 2
"," 0
"," 9
"," 2
"," 2
"," 1
"," 0
"," 5
"
values_20," 22
"," 3
"," 1
"," 3
"," 2
"," 0
"," 9
"," 2
"," 2
"," 1
"," 0
"," 5
"
values_485," 22
"," 3
"," 1
"," 3
"," 2
"," 0
"," 9
"," 2
"," 2
"," 1
"," 0
"," 5
"
values_303," 22
"," 3
"," 1
"," 3
"," 2
"," 0
"," 9
"," 2
"," 2
"," 1
"," 0
"," 5
"
values_425," 22
"," 3
"," 1
"," 3
"," 2
"," 0
"," 9
"," 2
"," 2
"," 1
"," 0
"," 5
"
values_597," 22
"," 3
"," 1
"," 3
"," 2
"," 0
"," 9
"," 2
"," 2
"," 1
"," 0
"," 5
"
values_517," 22
"," 3
"," 1
"," 3
"," 2
"," 0
"," 9
"," 2
"," 2
"," 1
"," 0
"," 5
"
values_672," 22
"," 3
"," 1
"," 3
"," 2
"," 0
"," 9
"," 2
"," 2
"," 1
"," 0
"," 5
"
values_340," 22
"," 3
"," 1
"," 3
"," 2
"," 0
"," 9
"," 2
"," 2
"," 1
"," 0
"," 5
"
values_339," 22
"," 3
"," 1
"," 3
"," 2
"," 0
"," 9
"," 2
"," 2
"," 1
"," 0
"," 5
"
values_424," 22
"," 3
"," 1
"," 3
"," 2
"," 0
"," 9
"," 2
"," 2
"," 1
"," 0
"," 5
"
values_9," 22
"," 3
"," 1
"," 3
"," 2
"," 0
"," 9
"," 2
"," 2
"," 1
"," 0
"," 5
"
values_587," 22
"," 3
"," 1
"," 3
"," 2
"," 0
"," 9
"," 2
"," 2
"," 1
"," 0
"," 5
"
values_417," 22
"," 3
"," 1
"," 3
"," 2
"," 0
"," 9
"," 2
"," 2
"," 1
"," 0
"," 5
"
values_116," 22
"," 3
"," 1
"," 3
"," 2
"," 0
"," 9
"," 2
"," 2
"," 1
"," 0
"," 5
"
values_475," 22
"," 3
"," 1
"," 3
"," 2
"," 0
"," 9
"," 2
"," 2
"," 1
"," 0
"," 5
"
values_184," 22
"," 3
"," 1
"," 3
"," 2
"," 0
"," 9
"," 2
"," 2
"," 1
"," 0
"," 5
"
values_223," 22
"," 3
"," 1
"," 3
"," 2
"," 0
"," 9
"," 2
"," 2
"," 1
"," 0
"," 5
"
values_804," 22
"," 3
"," 1
"," 3
"," 2
"," 0
"," 9
"," 2
"," 2
"," 1
"," 0
"," 5
"
values_374," 22
"," 3
"," 1
"," 3
"," 2
"," 0
"," 9
"," 2
"," 2
"," 1
"," 0
"," 5
"
values_864," 22
"," 3
"," 1
"," 3
"," 2
"," 0
"," 9
"," 2
"," 2
"," 1
"," 0
"," 5
"
values_444," 22
"," 3
"," 1
"," 3
"," 2
"," 0
"," 9
"," 2
"," 2
"," 1
"," 0
"," 5
"
values_92," 22
"," 3
"," 1
"," 3
"," 2
"," 0
"," 9
"," 2
"," 2
"," 1
"," 0
"," 5
"
values_773," 22
"," 3
"," 1
"," 3
"," 2
"," 0
"," 9
"," 2
"," 2
"," 1
"," 0
"," 5
"
values_131," 22
"," 3
"," 1
"," 3
"," 2
"," 0
"," 9
"," 2
"," 2
"," 1
"," 0
"," 5
"
values_710," 22
"," 3
"," 1
"," 3
"," 2
"," 0
"," 9
"," 2
"," 2
"," 1
"," 0
"," 5
"
values_693," 22
"," 3
"," 1
"," 3
"," 2
"," 0
"," 9
"," 2
"," 2
"," 1
"," 0
"," 5
"
values_944," 22
"," 3
"," 1
"," 3
"," 2
"," 0
"," 9
"," 2
"," 2
"," 1
"," 0
"," 5
"
values_573," 22
"," 3
"," 1
"," 3
"," 2
"," 0
"," 9
"," 2
"," 2
"," 1
"," 0
"," 5
"
values_712," 22
"," 3
"," 1
"," 3
"," 2
"," 0
"," 9
"," 2
"," 2
"," 1
"," 0
"," 5
"
values_718," 22
"," 3
"," 1
"," 3
"," 2
"," 0
"," 9
"," 2
"," 2
"," 1
"," 0
"," 5
"
values_3," 22
"," 3
"," 1
"," 3
"," 2
"," 0
"," 9
"," 2
"," 2
"," 1
"," 0
"," 5
"
values_805," 22
"," 3
"," 1
"," 3
"," 2
"," 0
"," 9
"," 2
"," 2
"," 1
"," 0
"," 5
"
values_98," 22
"," 3
"," 1
"," 3
"," 2
"," 0
"," 9
"," 2
"," 2
"," 1
"," 0
"," 5
"
values_304," 22
"," 3
"," 1
"," 3
"," 2
"," 0
"," 9
"," 2
"," 2
"," 1
"," 0
"," 5
"
values_897," 22
"," 3
"," 1
"," 3
"," 2
"," 0
"," 9
"," 2
"," 2
"," 1
"," 0
"," 5
"
values_153," 22
"," 3
"," 1
"," 3
"," 2
"," 0
"," 9
"," 2
"," 2
"," 1
"," 0
"," 5
"
values_368," 22
"," 3
"," 1
"," 3
"," 2
"," 0
"," 9
"," 2
"," 2
"," 1
"," 0
"," 5
"
values_689," 22
"," 3
"," 1
"," 3
"," 2
"," 0
"," 9
"," 2
"," 2
"," 1
"," 0
"," 5
"
values_830," 22
"," 3
"," 1
"," 3
"," 2
"," 0
"," 9
"," 2
"," 2
"," 1
"," 0
"," 5
"
values_29," 22
"," 3
"," 1
"," 3
"," 2
"," 0
"," 9
"," 2
"," 2
"," 1
"," 0
"," 5
"
values_301," 22
"," 3
"," 1
"," 3
"," 2
"," 0
"," 9
"," 2
"," 2
"," 1
"," 0
"," 5
"
values_286," 22
"," 3
"," 1
"," 3
"," 2
"," 0
"," 9
"," 2
"," 2
"," 1
"," 0
"," 5
"
values_580," 22
"," 3
"," 1
"," 3
"," 2
"," 0
"," 9
"," 2
"," 2
"," 1
"," 0
"," 5
"
values_593," 22
"," 3
"," 1
"," 3
"," 2
"," 0
"," 9
"," 2
"," 2
"," 1
"," 0
"," 5
"
values_80," 22
"," 3
"," 1
"," 3
"," 2
"," 0
"," 9
"," 2
"," 2
"," 1
"," 0
"," 5
"
values_416," 22
"," 3
"," 1
"," 3
"," 2
"," 0
"," 9
"," 2
"," 2
"," 1
"," 0
"," 5
"
values_305," 22
"," 3
"," 1
"," 3
"," 2
"," 0
"," 9
"," 2
"," 2
"," 1
"," 0
"," 5
"
values_142," 22
"," 3
"," 1
"," 3
"," 2
"," 0
"," 9
"," 2
"," 2
"," 1
"," 0
"," 5
"
values_800," 22
"," 3
"," 1
"," 3
"," 2
"," 0
"," 9
"," 2
"," 2
"," 1
"," 0
"," 5
"
values_661," 22
"," 3
"," 1
"," 3
"," 2
"," 0
"," 9
"," 2
"," 2
"," 1
"," 0
"," 5
"
values_73," 22
"," 3
"," 1
"," 3
"," 2
"," 0
"," 9
"," 2
"," 2
"," 1
"," 0
"," 5
"
values_297," 22
"," 3
"," 1
"," 3
"," 2
"," 0
"," 9
"," 2
"," 2
"," 1
"," 0
"," 5
"
values_167," 22
"," 3
"," 1
"," 3
"," 2
"," 0
"," 9
"," 2
"," 2
"," 1
"," 0
"," 5
"
values_594," 22
"," 3
"," 1
"," 3
"," 2
"," 0
"," 9
"," 2
"," 2
"," 1
"," 0
"," 5
"
values_367," 22
"," 3
"," 1
"," 3
"," 2
"," 0
"," 9
"," 2
"," 2
"," 1
"," 0
"," 5
"
values_552," 22
"," 3
"," 1
"," 3
"," 2
"," 0
"," 9
"," 2
"," 2
"," 1
"," 0
"," 5
"
values_608," 22
"," 3
"," 1
"," 3
"," 2
"," 0
"," 9
"," 2
"," 2
"," 1
"," 0
"," 5
"
values_797," 22
"," 3
"," 1
"," 3
"," 2
"," 0
"," 9
"," 2
"," 2
"," 1
"," 0
"," 5
"
values_288," 22
"," 3
"," 1
"," 3
"," 2
"," 0
"," 9
"," 2
"," 2
"," 1
"," 0
"," 5
"
values_764," 22
"," 3
"," 1
"," 3
"," 2
"," 0
"," 9
"," 2
"," 2
"," 1
"," 0
"," 5
"
values_622," 22
"," 3
"," 1
"," 3
"," 2
"," 0
"," 9
"," 2
"," 2
"," 1
"," 0
"," 5
"
values_785," 22
"," 3
"," 1
"," 3
"," 2
"," 0
"," 9
"," 2
"," 2
"," 1
"," 0
"," 5
"
values_676," 22
"," 3
"," 1
"," 3
"," 2
"," 0
"," 9
"," 2
"," 2
"," 1
"," 0
"," 5
"
values_330," 22
"," 3
"," 1
"," 3
"," 2
"," 0
"," 9
"," 2
"," 2
"," 1
"," 0
"," 5
"
values_595," 22
"," 3
"," 1
"," 3
"," 2
"," 0
"," 9
"," 2
"," 2
"," 1
"," 0
"," 5
"
values_968," 22
"," 3
"," 1
"," 3
"," 2
"," 0
"," 9
"," 2
"," 2
"," 1
"," 0
"," 5
"
values_503," 22
"," 3
"," 1
"," 3
"," 2
"," 0
"," 9
"," 2
"," 2
"," 1
"," 0
"," 5
"
values_378," 22
"," 3
"," 1
"," 3
"," 2
"," 0
"," 9
"," 2
"," 2
"," 1
"," 0
"," 5
"
values_610," 22
"," 3
"," 1
"," 3
"," 2
"," 0
"," 9
"," 2
"," 2
"," 1
"," 0
"," 5
"
